product_24,151.68,8,2024-06-22
product_21,100.72,8,2024-02-02
product_10,384.11,3,2024-02-15
product_39,224.16,7,2024-05-26
product_20,243.43,1,2024-03-17
product_8,262.62,8,2024-02-03
product_31,225.32,5,2024-03-05
product_5,232.69,9,2024-06-15
product_50,188.76,5,2024-04-08
product_31,486.06,7,2024-01-24
product_26,355.15,3,2024-01-04
product_22,130.32,6,2024-01-05
product_39,410.09,6,2024-05-14
product_18,108.42,10,2024-04-10
product_1,427.51,5,2024-06-22
product_10,192.91,7,2024-02-15
product_23,155.89,4,2024-04-02
product_9,292.17,5,2024-04-28
product_16,456.29,10,2024-03-26
product_32,299.65,9,2024-02-19
product_42,476.0,9,2024-01-15
product_40,236.56,3,2024-03-19
product_41,333.86,10,2024-02-13
product_44,51.14,8,2024-06-22
product_5,218.24,9,2024-01-06
product_43,26.54,4,2024-03-15
product_26,427.39,1,2024-01-29
product_20,303.65,10,2024-06-25
product_7,89.27,3,2024-03-14
product_46,167.95,9,2024-06-24
product_15,291.43,5,2024-04-15
product_23,78.72,6,2024-05-19
product_1,361.73,4,2024-04-05
product_2,322.52,10,2024-02-16
product_12,307.99,1,2024-06-14
product_32,403.05,3,2024-06-20
product_26,338.22,10,2024-01-12
product_46,55.4,2,2024-02-06
product_25,124.38,9,2024-05-16
product_48,388.26,8,2024-01-28
product_2,52.57,1,2024-05-11
product_17,128.66,9,2024-03-17
product_32,434.93,2,2024-01-24
product_34,163.71,8,2024-02-10
product_35,423.92,9,2024-01-04
product_21,344.99,4,2024-05-02
product_42,183.28,8,2024-04-05
product_24,183.45,7,2024-02-17
product_46,476.12,10,2024-02-17
product_17,33.69,1,2024-02-12
product_6,253.04,2,2024-02-07
product_30,393.75,5,2024-06-16
product_44,267.08,5,2024-03-13
product_6,69.27,1,2024-05-21
product_38,13.92,3,2024-06-20
product_19,452.33,2,2024-03-16
product_12,90.97,2,2024-02-17
product_16,422.48,8,2024-05-29
product_35,347.97,2,2024-04-16
product_14,204.4,8,2024-06-26
product_43,482.79,1,2024-05-24
product_22,382.4,5,2024-04-18
product_7,246.14,7,2024-04-19
product_49,397.66,5,2024-02-24
product_48,145.85,8,2024-03-25
product_27,93.35,1,2024-04-01
product_13,236.53,5,2024-03-10
product_48,179.63,2,2024-01-14
product_6,46.11,6,2024-04-27
product_13,21.7,4,2024-01-29
product_14,52.56,4,2024-05-01
product_21,281.37,6,2024-01-16
product_48,137.75,4,2024-03-31
product_2,368.86,5,2024-03-13
product_26,239.14,6,2024-06-23
product_10,78.03,10,2024-03-20
product_16,359.25,7,2024-02-24
product_3,433.31,5,2024-04-20
product_22,135.38,1,2024-02-10
product_10,495.72,10,2024-04-12
product_20,269.75,6,2024-03-02
product_5,223.08,5,2024-01-30
product_31,422.02,4,2024-01-18
product_42,238.73,2,2024-01-18
product_32,397.76,4,2024-05-12
product_2,448.71,5,2024-04-11
product_39,238.02,1,2024-03-30
product_41,78.61,6,2024-02-09
product_24,395.96,7,2024-04-02
product_1,293.12,4,2024-01-10
product_26,296.05,3,2024-03-13
product_14,146.78,7,2024-04-08
product_9,73.73,7,2024-01-10
product_19,419.73,8,2024-06-02
product_50,417.21,10,2024-06-26
product_14,339.44,6,2024-04-25
product_28,399.65,8,2024-01-28
product_3,373.18,8,2024-02-25
product_32,22.31,4,2024-05-15
product_9,306.62,5,2024-01-08
product_9,251.68,9,2024-01-16
product_28,437.62,3,2024-04-26
product_27,494.02,2,2024-05-12
product_32,318.53,6,2024-01-18
product_29,311.36,10,2024-06-28
product_13,11.45,6,2024-02-20
product_6,340.27,6,2024-04-18
product_33,235.52,4,2024-01-22
product_24,407.87,10,2024-02-17
product_50,482.2,1,2024-04-18
product_10,324.17,10,2024-04-09
product_18,281.12,9,2024-05-13
product_15,237.98,7,2024-04-08
product_42,372.98,2,2024-01-01
product_25,494.47,7,2024-05-22
product_49,288.91,1,2024-04-26
product_37,153.34,9,2024-01-02
product_17,105.37,3,2024-03-20
product_34,407.58,4,2024-03-14
product_6,64.93,5,2024-02-15
product_25,49.61,7,2024-03-04
product_35,432.48,9,2024-02-24
product_41,417.05,2,2024-06-02
product_47,385.23,9,2024-02-17
product_40,473.28,6,2024-03-13
product_49,46.78,10,2024-05-01
product_29,177.71,8,2024-05-15
product_3,375.55,2,2024-02-24
product_35,36.88,8,2024-05-18
product_25,366.57,3,2024-04-30
product_31,257.11,8,2024-06-28
product_50,64.18,5,2024-02-04
product_49,459.98,8,2024-05-22
product_9,32.92,10,2024-06-20
product_35,441.52,1,2024-05-12
product_5,198.11,1,2024-01-07
product_5,81.91,8,2024-05-08
product_19,260.66,2,2024-06-28
product_33,237.61,7,2024-01-29
product_16,413.45,8,2024-04-19
product_18,256.25,5,2024-01-20
product_44,355.09,2,2024-06-26
product_11,44.19,6,2024-03-04
product_48,373.55,2,2024-06-24
product_23,97.87,10,2024-02-03
product_26,197.54,6,2024-03-17
product_38,166.03,4,2024-02-17
product_15,218.65,6,2024-02-21
product_7,305.22,6,2024-06-29
product_29,191.49,1,2024-01-21
product_21,381.82,1,2024-01-18
product_33,88.4,8,2024-05-02
product_34,123.54,1,2024-06-07
product_6,35.51,2,2024-05-18
product_20,115.77,3,2024-03-13
product_10,422.67,1,2024-05-31
product_21,427.61,2,2024-05-20
product_25,340.86,9,2024-03-05
product_37,232.89,3,2024-05-06
product_29,124.99,7,2024-01-31
product_27,134.76,4,2024-02-16
product_34,93.67,9,2024-03-08
product_10,486.08,10,2024-03-21
product_48,56.88,7,2024-04-29
product_49,118.65,10,2024-01-28
product_10,151.19,10,2024-04-20
product_43,350.63,6,2024-01-27
product_13,342.61,2,2024-01-21
product_31,438.92,10,2024-06-19
product_34,28.47,2,2024-04-24
product_32,383.73,4,2024-03-14
product_37,368.58,3,2024-02-12
product_1,311.01,2,2024-04-18
product_23,63.09,7,2024-04-15
product_3,437.45,1,2024-05-10
product_6,134.73,1,2024-05-14
product_34,380.27,5,2024-06-02
product_5,90.23,6,2024-04-27
product_17,327.99,3,2024-02-18
product_6,380.88,10,2024-06-25
product_29,229.45,1,2024-06-16
product_17,362.67,2,2024-04-04
product_15,63.35,10,2024-04-11
product_31,424.57,7,2024-04-01
product_10,219.81,5,2024-05-16
product_45,416.46,2,2024-02-11
product_5,82.45,8,2024-05-16
product_41,61.83,8,2024-05-25
product_44,498.4,4,2024-03-09
product_1,99.32,10,2024-03-31
product_50,234.44,7,2024-02-01
product_38,131.93,5,2024-02-26
product_44,419.11,3,2024-06-15
product_27,96.82,2,2024-05-14
product_44,421.84,2,2024-02-23
product_13,485.38,8,2024-03-08
product_21,46.44,8,2024-05-31
product_35,165.04,8,2024-06-14
product_3,442.43,4,2024-02-12
product_14,193.15,7,2024-02-29
product_1,124.08,9,2024-04-19
product_49,219.43,5,2024-05-30
product_4,259.67,2,2024-04-21
product_19,220.17,10,2024-06-13
product_43,293.36,7,2024-01-27
product_11,461.62,10,2024-05-01
product_27,458.26,5,2024-05-09
product_48,197.64,3,2024-04-15
product_16,463.69,6,2024-01-25
product_13,414.15,5,2024-01-27
product_29,284.5,2,2024-03-24
product_1,241.98,4,2024-04-29
product_44,236.19,9,2024-02-26
product_25,46.1,9,2024-02-06
product_46,269.75,6,2024-02-06
product_20,309.51,9,2024-01-04
product_27,241.54,9,2024-06-14
product_10,310.57,6,2024-01-04
product_48,469.21,2,2024-03-28
product_11,21.52,7,2024-06-02
product_47,138.74,4,2024-05-31
product_23,11.21,3,2024-04-01
product_7,173.82,1,2024-04-01
product_30,93.85,5,2024-02-06
product_13,26.62,4,2024-04-14
product_10,53.53,6,2024-05-09
product_28,378.49,10,2024-05-24
product_6,17.13,6,2024-04-24
product_9,212.79,5,2024-03-13
product_45,272.93,8,2024-06-02
product_28,231.12,4,2024-04-05
product_10,205.77,4,2024-04-23
product_28,213.08,10,2024-05-13
product_10,166.14,6,2024-02-05
product_50,357.84,2,2024-02-25
product_43,265.29,2,2024-02-23
product_46,104.75,10,2024-02-09
product_1,85.05,6,2024-01-30
product_9,219.48,10,2024-06-11
product_13,446.75,9,2024-04-21
product_32,28.03,5,2024-06-12
product_22,14.5,8,2024-04-18
product_22,421.44,5,2024-04-24
product_10,209.06,5,2024-06-22
product_5,287.39,5,2024-02-11
product_17,115.68,2,2024-03-21
product_32,461.53,3,2024-06-10
product_45,191.26,5,2024-01-26
product_50,498.35,4,2024-02-14
product_30,394.9,1,2024-01-03
product_35,417.86,2,2024-05-22
product_44,314.08,5,2024-04-27
product_24,386.23,3,2024-02-23
product_48,44.4,9,2024-05-03
product_26,94.28,4,2024-05-14
product_5,276.45,8,2024-03-11
product_27,301.72,8,2024-04-06
product_4,74.49,2,2024-06-09
product_47,393.11,1,2024-02-19
product_37,48.61,4,2024-06-15
product_46,392.19,8,2024-03-14
product_14,400.81,10,2024-06-14
product_47,354.01,3,2024-05-14
product_13,115.85,6,2024-01-14
product_5,182.64,6,2024-03-05
product_13,441.35,4,2024-02-21
product_45,460.15,6,2024-03-31
product_16,306.43,5,2024-05-13
product_24,396.89,9,2024-06-03
product_3,49.56,6,2024-05-12
product_11,32.87,9,2024-03-09
product_47,155.21,2,2024-02-26
product_21,242.2,4,2024-01-11
product_28,220.62,8,2024-04-12
product_25,391.59,6,2024-06-16
product_10,420.54,6,2024-01-06
product_15,367.34,4,2024-02-13
product_24,411.76,9,2024-03-12
product_13,37.18,9,2024-03-09
product_13,124.6,9,2024-05-17
product_50,435.87,3,2024-02-08
product_18,109.03,4,2024-01-13
product_41,339.55,5,2024-06-08
product_1,357.4,8,2024-01-08
product_32,403.93,4,2024-04-26
product_23,258.19,7,2024-04-16
product_31,46.75,9,2024-01-14
product_40,321.09,10,2024-02-02
product_26,134.6,1,2024-04-01
product_39,29.26,1,2024-01-29
product_38,271.96,6,2024-02-17
product_23,250.78,6,2024-03-10
product_42,77.82,2,2024-06-26
product_8,63.05,2,2024-06-08
product_17,94.75,10,2024-04-16
product_20,33.96,6,2024-01-15
product_39,104.34,6,2024-05-24
product_29,483.11,8,2024-06-08
product_27,362.37,10,2024-04-23
product_35,201.9,1,2024-04-29
product_17,132.71,3,2024-04-16
product_3,331.76,7,2024-02-24
product_37,329.86,6,2024-04-10
product_41,394.35,3,2024-03-12
product_26,133.09,5,2024-01-31
product_3,244.33,1,2024-06-28
product_40,318.68,10,2024-05-22
product_37,493.35,10,2024-04-11
product_30,403.94,6,2024-04-09
product_30,402.96,9,2024-05-14
product_19,77.42,5,2024-02-21
product_14,19.88,6,2024-05-30
product_1,279.54,7,2024-02-08
product_40,260.36,2,2024-01-15
product_37,326.65,10,2024-05-31
product_44,483.54,8,2024-02-20
product_46,469.39,10,2024-05-10
product_44,359.91,7,2024-04-23
product_27,440.39,1,2024-02-04
product_36,266.46,5,2024-06-21
product_33,362.48,7,2024-02-07
product_34,128.44,10,2024-06-26
product_37,308.7,5,2024-04-30
product_42,335.14,2,2024-05-31
product_18,31.7,8,2024-04-10
product_33,55.25,9,2024-02-06
product_48,199.85,8,2024-04-01
product_16,108.62,6,2024-02-15
product_26,331.87,4,2024-01-02
product_48,438.75,9,2024-05-11
product_22,473.49,6,2024-01-26
product_45,109.61,7,2024-05-29
product_9,396.64,4,2024-06-19
product_37,79.74,1,2024-06-17
product_34,340.69,10,2024-03-12
product_46,65.82,6,2024-02-03
product_8,212.16,6,2024-06-20
product_47,216.97,6,2024-01-29
product_46,97.09,7,2024-04-28
product_39,493.76,2,2024-04-18
product_18,87.13,10,2024-01-26
product_39,290.15,2,2024-02-05
product_39,32.62,10,2024-05-13
product_33,188.13,5,2024-05-07
product_37,278.57,6,2024-02-16
product_25,358.98,7,2024-04-24
product_28,152.95,2,2024-01-21
product_41,458.07,5,2024-04-07
product_8,58.88,2,2024-05-02
product_20,91.34,8,2024-01-19
product_19,196.05,8,2024-06-17
product_32,68.71,2,2024-05-05
product_50,486.41,7,2024-06-16
product_15,42.84,5,2024-06-18
product_13,83.16,5,2024-04-24
product_43,119.6,7,2024-05-01
product_46,295.19,3,2024-03-27
product_21,242.0,5,2024-03-08
product_30,336.26,2,2024-03-04
product_13,364.13,5,2024-03-04
product_45,359.75,1,2024-03-17
product_43,243.07,3,2024-05-30
product_46,55.43,9,2024-06-20
product_19,18.65,10,2024-01-17
product_44,182.73,10,2024-03-12
product_22,394.09,8,2024-04-08
product_9,106.68,3,2024-01-02
product_8,168.28,4,2024-05-23
product_2,87.58,8,2024-02-17
product_31,360.66,10,2024-03-28
product_12,134.67,7,2024-03-26
product_11,129.92,1,2024-01-05
product_40,27.44,2,2024-01-19
product_20,223.86,10,2024-05-05
product_35,147.52,8,2024-03-29
product_50,237.83,1,2024-01-15
product_27,302.57,7,2024-01-16
product_6,213.03,9,2024-03-12
product_8,279.09,6,2024-04-05
product_24,415.09,3,2024-06-26
product_35,480.97,3,2024-05-11
product_12,314.82,2,2024-05-03
product_11,260.91,8,2024-01-02
product_19,249.71,2,2024-04-05
product_29,145.01,6,2024-02-26
product_10,491.16,1,2024-06-27
product_12,326.73,2,2024-03-06
product_47,224.47,9,2024-06-04
product_4,324.14,6,2024-04-23
product_8,419.38,8,2024-01-18
product_24,127.52,5,2024-03-10
product_8,171.21,2,2024-06-03
product_30,106.53,2,2024-03-22
product_41,418.74,1,2024-05-19
product_29,414.78,7,2024-02-27
product_38,158.15,1,2024-03-20
product_13,282.27,4,2024-06-17
product_30,391.53,7,2024-06-04
product_45,101.05,9,2024-05-09
product_25,400.39,4,2024-06-28
product_45,14.46,5,2024-02-03
product_48,172.94,8,2024-05-11
product_2,175.5,6,2024-06-12
product_28,292.89,10,2024-02-17
product_14,69.19,5,2024-04-09
product_38,92.43,3,2024-01-28
product_25,237.56,5,2024-01-01
product_15,308.88,2,2024-06-22
product_30,449.19,2,2024-02-24
product_14,164.01,3,2024-03-25
product_43,272.88,7,2024-04-03
product_28,21.01,9,2024-03-21
product_33,380.25,10,2024-01-16
product_41,430.42,8,2024-05-26
product_31,488.36,3,2024-01-15
product_18,453.09,2,2024-02-23
product_31,95.53,5,2024-06-24
product_13,53.97,5,2024-05-08
product_21,221.92,3,2024-06-12
product_5,162.08,8,2024-01-30
product_47,252.9,1,2024-06-03
product_5,498.15,9,2024-03-26
product_50,165.43,9,2024-03-31
product_29,145.75,4,2024-04-17
product_45,92.88,6,2024-03-10
product_47,188.09,2,2024-04-10
product_42,133.17,2,2024-04-28
product_21,480.68,1,2024-01-31
product_23,235.75,3,2024-03-17
product_33,394.74,5,2024-01-05
product_19,491.5,9,2024-06-23
product_15,474.5,9,2024-05-26
product_49,280.82,8,2024-01-12
product_50,470.91,7,2024-03-19
product_27,452.47,8,2024-05-01
product_36,394.26,8,2024-06-20
product_12,189.83,8,2024-06-16
product_15,260.49,8,2024-01-30
product_23,451.04,4,2024-04-11
product_38,344.03,4,2024-03-24
product_43,292.22,9,2024-04-01
product_38,69.98,7,2024-02-05
product_35,381.33,8,2024-02-05
product_50,465.02,10,2024-05-01
product_33,403.86,8,2024-03-30
product_39,269.77,7,2024-01-30
product_39,258.8,7,2024-03-07
product_6,118.74,4,2024-06-26
product_11,184.17,1,2024-05-11
product_25,314.01,7,2024-03-08
product_2,26.65,9,2024-01-02
product_11,301.26,1,2024-03-20
product_8,162.02,2,2024-06-24
product_38,100.91,5,2024-03-03
product_4,281.69,9,2024-02-25
product_25,41.9,5,2024-05-06
product_26,401.24,6,2024-04-29
product_40,362.49,2,2024-02-06
product_34,107.09,3,2024-04-05
product_22,337.39,1,2024-01-12
product_14,273.87,10,2024-05-24
product_27,116.66,3,2024-04-21
product_36,490.52,8,2024-02-18
product_4,117.38,2,2024-03-24
product_1,196.25,5,2024-05-01
product_37,112.47,2,2024-01-08
product_4,349.66,4,2024-03-15
product_39,474.82,4,2024-02-27
product_13,277.53,10,2024-01-31
product_44,240.83,8,2024-04-26
product_6,18.49,6,2024-05-14
product_40,411.21,6,2024-03-04
product_17,300.88,6,2024-04-03
product_24,169.26,4,2024-05-18
product_46,366.76,9,2024-04-16
product_5,307.62,2,2024-02-21
product_17,98.16,1,2024-03-04
product_5,259.63,4,2024-04-30
product_3,340.13,4,2024-04-22
product_43,370.09,7,2024-01-27
product_1,270.37,6,2024-03-14
product_30,45.36,7,2024-04-18
product_39,484.97,5,2024-05-14
product_6,375.65,7,2024-01-06
product_17,155.94,8,2024-04-06
product_42,326.53,5,2024-02-18
product_44,365.5,3,2024-01-14
product_17,319.4,2,2024-04-18
product_17,290.64,8,2024-04-04
product_15,51.86,6,2024-06-09
product_39,82.29,1,2024-05-05
product_2,180.79,7,2024-05-28
product_28,230.03,5,2024-05-13
product_36,476.26,2,2024-03-24
product_29,403.93,4,2024-02-24
product_14,334.24,7,2024-06-24
product_4,267.16,9,2024-02-06
product_12,121.27,5,2024-03-28
product_22,409.22,7,2024-05-16
product_13,92.31,2,2024-06-06
product_21,70.14,7,2024-02-06
product_30,479.87,2,2024-04-07
product_26,457.61,10,2024-04-03
product_20,165.0,6,2024-06-08
product_49,270.11,5,2024-05-03
product_23,418.68,9,2024-06-05
product_50,272.6,1,2024-01-12
product_14,249.11,3,2024-03-24
product_10,149.47,5,2024-02-22
product_7,46.65,4,2024-05-28
product_7,441.3,6,2024-04-07
product_9,391.5,2,2024-05-15
product_45,249.15,7,2024-01-30
product_21,339.42,2,2024-03-23
product_1,359.79,9,2024-06-10
product_32,358.58,6,2024-01-07
product_26,395.11,6,2024-03-27
product_31,226.1,7,2024-05-06
product_35,490.25,6,2024-02-12
product_37,426.09,4,2024-02-25
product_32,200.03,8,2024-04-08
product_31,129.25,10,2024-05-07
product_35,298.48,10,2024-01-18
product_4,437.46,5,2024-04-06
product_25,67.58,10,2024-06-25
product_39,129.02,5,2024-06-18
product_50,352.88,10,2024-01-20
product_19,437.55,2,2024-03-23
product_38,388.21,9,2024-06-09
product_5,134.97,10,2024-02-16
product_47,64.27,7,2024-03-30
product_14,406.55,6,2024-03-13
product_14,16.89,6,2024-05-06
product_37,245.43,9,2024-04-29
product_19,435.47,8,2024-06-20
product_45,204.37,2,2024-02-10
product_14,233.24,6,2024-01-14
product_42,229.71,7,2024-02-21
product_32,253.18,5,2024-06-08
product_13,310.18,6,2024-06-02
product_29,487.7,9,2024-05-22
product_15,163.39,5,2024-01-05
product_42,363.02,10,2024-01-06
product_37,441.68,4,2024-01-10
product_12,99.35,8,2024-01-02
product_9,384.12,8,2024-03-22
product_29,275.99,4,2024-05-20
product_24,469.33,6,2024-02-24
product_35,405.45,3,2024-01-30
product_12,445.29,7,2024-03-05
product_42,267.52,9,2024-06-18
product_29,276.48,10,2024-05-14
product_10,453.24,7,2024-02-02
product_3,164.81,8,2024-06-24
product_45,349.57,1,2024-03-25
product_2,337.45,3,2024-04-29
product_6,240.74,4,2024-03-09
product_18,241.51,3,2024-03-04
product_40,402.94,7,2024-01-31
product_49,477.24,2,2024-02-27
product_44,279.69,2,2024-05-30
product_8,225.8,7,2024-03-07
product_16,12.07,8,2024-01-06
product_35,193.72,9,2024-05-17
product_16,163.44,4,2024-06-29
product_9,141.23,8,2024-03-14
product_27,68.01,6,2024-03-08
product_11,203.18,5,2024-01-29
product_38,259.54,5,2024-05-11
product_6,73.48,8,2024-04-24
product_30,471.06,9,2024-05-19
product_24,228.44,5,2024-01-31
product_41,236.79,9,2024-03-06
product_27,333.09,9,2024-03-13
product_15,289.5,8,2024-03-08
product_48,429.86,7,2024-02-13
product_13,167.26,6,2024-02-19
product_25,208.65,4,2024-05-31
product_12,441.36,2,2024-05-11
product_29,12.46,10,2024-02-03
product_31,207.61,9,2024-04-14
product_1,322.2,9,2024-04-01
product_48,464.8,6,2024-06-14
product_45,164.6,3,2024-01-16
product_43,62.77,2,2024-01-11
product_32,166.72,8,2024-05-05
product_30,354.66,8,2024-03-07
product_45,398.43,2,2024-06-07
product_24,159.9,5,2024-03-11
product_12,489.1,6,2024-01-01
product_43,253.65,4,2024-04-04
product_14,169.97,8,2024-06-17
product_11,91.47,9,2024-06-16
product_40,280.29,2,2024-02-22
product_30,205.16,7,2024-01-25
product_46,368.2,3,2024-05-27
product_32,227.2,7,2024-01-23
product_2,142.22,5,2024-06-13
product_21,154.63,4,2024-03-27
product_3,255.44,7,2024-05-10
product_7,359.68,10,2024-01-17
product_48,154.27,2,2024-02-20
product_37,202.01,7,2024-02-22
product_8,448.46,1,2024-06-15
product_35,98.75,2,2024-04-10
product_5,134.39,10,2024-06-09
product_45,60.7,1,2024-03-31
product_14,483.39,5,2024-05-13
product_36,196.34,9,2024-01-15
product_27,137.13,10,2024-03-22
product_37,20.07,10,2024-01-20
product_36,129.1,10,2024-03-23
product_26,385.9,5,2024-01-10
product_45,318.63,10,2024-03-11
product_30,309.4,9,2024-06-12
product_34,59.4,8,2024-04-23
product_21,337.64,8,2024-01-22
product_44,22.22,10,2024-02-25
product_31,144.72,2,2024-04-03
product_13,427.95,9,2024-02-24
product_31,131.26,8,2024-06-20
product_28,151.27,6,2024-04-09
product_38,259.17,3,2024-04-26
product_42,328.37,2,2024-05-23
product_9,287.74,10,2024-05-30
product_29,36.38,4,2024-01-23
product_7,254.86,8,2024-04-03
product_37,257.81,10,2024-03-30
product_14,171.96,5,2024-01-13
product_8,254.28,8,2024-01-26
product_43,179.39,6,2024-06-14
product_39,414.72,5,2024-03-25
product_2,349.6,10,2024-04-23
product_47,201.35,2,2024-01-20
product_41,311.96,9,2024-05-30
product_1,239.85,4,2024-01-04
product_14,168.86,1,2024-05-08
product_18,48.9,9,2024-05-03
product_36,150.81,6,2024-05-20
product_22,181.54,5,2024-01-25
product_9,240.21,1,2024-06-11
product_28,355.61,1,2024-02-14
product_17,89.56,7,2024-04-04
product_29,92.51,7,2024-06-29
product_2,161.13,6,2024-04-15
product_9,47.0,3,2024-01-31
product_22,240.52,3,2024-01-20
product_32,231.72,8,2024-05-14
product_24,479.33,8,2024-05-17
product_37,485.7,6,2024-01-20
product_3,217.81,2,2024-06-05
product_49,31.78,9,2024-01-08
product_14,43.61,10,2024-02-25
product_22,243.11,10,2024-04-05
product_50,231.07,10,2024-02-14
product_6,383.89,1,2024-03-22
product_19,320.57,5,2024-05-26
product_48,28.32,1,2024-02-28
product_10,292.17,2,2024-04-09
product_14,180.56,6,2024-05-31
product_27,304.13,4,2024-06-09
product_3,152.18,3,2024-05-26
product_26,209.97,7,2024-02-13
product_2,365.8,7,2024-04-08
product_32,178.42,10,2024-01-29
product_43,93.93,7,2024-05-02
product_7,261.43,10,2024-06-01
product_3,41.15,7,2024-02-17
product_15,137.91,3,2024-05-26
product_20,121.66,7,2024-02-11
product_26,455.16,3,2024-05-12
product_19,222.82,6,2024-05-05
product_32,283.05,1,2024-06-02
product_17,69.84,6,2024-05-07
product_18,372.92,8,2024-04-16
product_25,154.24,4,2024-02-28
product_22,271.47,2,2024-05-30
product_1,385.44,1,2024-05-06
product_15,422.59,2,2024-03-17
product_41,137.23,2,2024-05-15
product_4,10.97,10,2024-02-04
product_30,214.91,6,2024-06-17
product_23,138.64,6,2024-04-23
product_24,174.16,2,2024-04-25
product_25,70.27,2,2024-03-28
product_10,486.29,2,2024-02-01
product_29,121.5,3,2024-06-23
product_29,13.93,6,2024-02-13
product_14,115.56,7,2024-04-01
product_4,488.32,9,2024-01-10
product_19,272.48,3,2024-04-08
product_48,65.32,10,2024-06-15
product_43,28.77,9,2024-03-03
product_17,160.37,10,2024-04-10
product_38,284.27,7,2024-02-25
product_46,175.14,8,2024-01-05
product_10,224.43,7,2024-05-15
product_48,265.61,6,2024-01-28
product_30,22.96,10,2024-04-24
product_9,488.25,6,2024-03-02
product_21,286.7,2,2024-06-13
product_5,284.39,1,2024-02-09
product_32,244.93,2,2024-01-31
product_30,13.53,2,2024-01-02
product_26,450.2,2,2024-01-18
product_41,188.59,10,2024-06-08
product_46,344.52,1,2024-05-21
product_38,141.99,5,2024-02-17
product_4,261.4,7,2024-04-28
product_37,319.47,6,2024-03-14
product_44,161.74,9,2024-01-22
product_32,113.31,9,2024-04-27
product_13,327.91,4,2024-04-07
product_1,149.27,1,2024-01-27
product_39,321.16,3,2024-05-16
product_20,472.58,1,2024-05-14
product_48,356.04,10,2024-04-12
product_10,293.59,2,2024-01-07
product_16,262.55,9,2024-06-16
product_13,29.88,5,2024-02-08
product_17,464.25,3,2024-05-18
product_9,135.97,3,2024-04-12
product_45,400.58,3,2024-05-22
product_12,370.92,4,2024-03-13
product_22,311.34,1,2024-03-24
product_43,53.27,5,2024-06-09
product_16,274.75,10,2024-02-14
product_27,437.57,1,2024-06-06
product_24,309.53,6,2024-05-16
product_47,206.61,1,2024-04-14
product_15,478.83,3,2024-05-21
product_22,470.45,8,2024-02-09
product_8,361.81,2,2024-03-23
product_46,389.53,2,2024-01-31
product_12,255.64,10,2024-02-15
product_28,301.74,3,2024-04-03
product_46,487.22,2,2024-02-17
product_49,313.4,3,2024-05-28
product_19,210.06,10,2024-02-18
product_36,100.19,2,2024-01-15
product_37,245.21,10,2024-04-26
product_7,484.05,3,2024-02-03
product_20,208.21,10,2024-05-23
product_34,114.86,3,2024-04-05
product_47,431.28,3,2024-03-14
product_37,34.41,6,2024-02-12
product_7,214.58,2,2024-05-20
product_27,469.52,6,2024-02-01
product_36,87.56,10,2024-01-25
product_44,461.68,9,2024-05-10
product_22,491.76,9,2024-06-01
product_1,43.38,8,2024-03-16
product_34,107.59,7,2024-02-08
product_3,32.16,10,2024-05-25
product_36,340.11,8,2024-04-16
product_5,398.03,9,2024-02-27
product_30,382.6,2,2024-02-12
product_21,67.0,6,2024-03-12
product_24,152.19,7,2024-02-20
product_15,296.94,6,2024-05-08
product_10,166.87,1,2024-03-03
product_3,175.83,2,2024-05-23
product_42,393.89,5,2024-06-29
product_7,184.97,6,2024-06-05
product_6,264.4,8,2024-05-21
product_41,383.57,3,2024-01-28
product_28,134.64,6,2024-05-29
product_7,62.12,9,2024-01-25
product_30,339.23,4,2024-03-14
product_3,193.21,3,2024-03-05
product_12,192.8,5,2024-02-11
product_39,182.88,6,2024-02-14
product_48,484.68,9,2024-02-29
product_25,175.95,10,2024-04-20
product_50,175.04,2,2024-06-10
product_19,63.38,9,2024-06-11
product_9,452.09,3,2024-01-17
product_32,179.65,2,2024-02-05
product_15,401.29,7,2024-02-08
product_3,166.57,2,2024-05-30
product_3,272.78,4,2024-03-13
product_46,240.67,4,2024-04-02
product_36,477.4,8,2024-05-27
product_31,321.29,5,2024-03-21
product_34,70.83,5,2024-01-14
product_49,190.33,4,2024-01-09
product_47,234.49,6,2024-06-13
product_12,169.91,4,2024-05-27
product_34,336.5,5,2024-01-15
product_27,389.36,6,2024-06-09
product_49,319.06,10,2024-05-17
product_45,66.72,10,2024-02-27
product_26,253.73,9,2024-02-23
product_20,361.95,3,2024-05-19
product_23,287.05,7,2024-05-16
product_30,431.32,9,2024-05-10
product_3,18.84,7,2024-04-08
product_37,255.18,1,2024-04-27
product_23,85.98,9,2024-02-28
product_19,77.31,10,2024-05-05
product_5,155.09,10,2024-06-20
product_2,44.66,3,2024-01-29
product_16,390.43,9,2024-01-31
product_23,107.14,8,2024-05-02
product_44,477.2,8,2024-01-22
product_10,399.25,9,2024-03-05
product_41,482.37,10,2024-01-27
product_29,102.28,9,2024-06-09
product_17,281.09,8,2024-03-18
product_26,41.42,8,2024-02-18
product_36,343.33,3,2024-01-17
product_3,160.59,1,2024-05-03
product_19,334.36,10,2024-06-09
product_32,491.37,6,2024-02-25
product_18,182.94,8,2024-01-20
product_41,348.3,7,2024-03-22
product_31,35.87,10,2024-05-01
product_19,126.09,9,2024-03-26
product_25,204.38,5,2024-06-28
product_15,479.23,9,2024-02-29
product_4,291.53,1,2024-02-11
product_49,293.31,8,2024-03-10
product_7,231.41,6,2024-03-02
product_10,351.81,5,2024-04-25
product_7,313.06,8,2024-03-02
product_9,54.27,8,2024-06-14
product_49,207.61,8,2024-05-25
product_1,47.29,3,2024-02-13
product_5,321.4,6,2024-06-23
product_34,272.15,5,2024-01-26
product_14,85.76,2,2024-05-06
product_12,231.43,5,2024-03-15
product_12,286.96,7,2024-02-03
product_21,425.91,3,2024-03-25
product_5,292.71,9,2024-02-19
product_4,367.9,4,2024-06-16
product_37,208.65,10,2024-02-28
product_29,449.95,8,2024-01-18
product_19,282.94,6,2024-04-06
product_29,341.52,6,2024-06-22
product_35,430.48,4,2024-02-26
product_25,381.04,3,2024-04-12
product_43,74.61,8,2024-01-09
product_47,221.82,6,2024-05-21
product_2,375.92,9,2024-02-09
product_36,323.37,9,2024-03-24
product_29,127.6,9,2024-06-15
product_5,89.69,5,2024-06-26
product_11,465.88,9,2024-05-19
product_19,221.44,4,2024-06-22
product_38,215.11,10,2024-02-25
product_36,217.54,3,2024-06-05
product_25,183.29,3,2024-01-07
product_34,258.36,2,2024-01-07
product_22,245.6,9,2024-04-13
product_29,331.41,1,2024-06-03
product_12,207.21,8,2024-04-24
product_17,37.69,4,2024-06-01
product_22,425.57,6,2024-06-18
product_29,428.83,10,2024-02-29
product_2,201.38,3,2024-05-04
product_9,148.81,8,2024-03-22
product_27,18.28,1,2024-02-23
product_27,42.6,7,2024-04-24
product_26,57.26,8,2024-02-05
product_1,167.91,10,2024-03-07
product_16,18.79,9,2024-01-31
product_10,375.07,3,2024-04-06
product_23,279.41,5,2024-01-19
product_21,121.59,3,2024-02-05
product_25,210.68,10,2024-01-19
product_32,81.1,7,2024-02-08
product_19,175.21,2,2024-02-19
product_46,105.34,8,2024-04-16
product_5,453.32,9,2024-01-06
product_47,400.78,2,2024-02-22
product_45,266.24,4,2024-02-22
product_33,269.59,1,2024-01-24
product_16,388.09,10,2024-06-26
product_35,417.56,1,2024-05-17
product_7,257.66,8,2024-06-20
product_27,317.55,4,2024-04-26
product_49,318.63,9,2024-05-28
product_47,294.66,3,2024-06-10
product_9,299.54,6,2024-03-28
product_10,229.03,6,2024-04-28
product_45,11.43,6,2024-03-21
product_41,236.99,1,2024-01-16
product_37,492.7,4,2024-03-24
product_8,407.55,8,2024-03-24
product_31,204.77,10,2024-04-12
product_7,257.3,3,2024-05-11
product_7,379.51,5,2024-01-16
product_29,162.7,5,2024-05-30
product_32,324.1,3,2024-06-17
product_27,222.16,6,2024-05-13
product_13,391.13,7,2024-02-04
product_29,15.35,3,2024-02-19
product_48,98.09,5,2024-03-06
product_38,328.43,8,2024-01-24
product_10,302.1,9,2024-04-07
product_12,215.2,9,2024-01-11
product_26,40.39,3,2024-01-22
product_41,47.72,4,2024-03-08
product_2,257.74,5,2024-06-08
product_45,482.93,2,2024-02-22
product_23,476.31,9,2024-05-27
product_26,209.12,9,2024-01-18
product_18,487.66,8,2024-03-31
product_6,327.79,10,2024-02-14
product_22,317.49,4,2024-05-15
product_3,200.41,5,2024-03-10
product_17,169.67,5,2024-01-03
product_33,166.19,4,2024-03-23
product_27,103.03,2,2024-05-27
product_31,421.42,6,2024-02-05
product_3,103.2,3,2024-04-19
product_43,65.04,9,2024-03-21
product_43,142.72,4,2024-02-13
product_10,63.51,3,2024-03-29
product_50,434.31,8,2024-05-06
product_14,96.76,7,2024-02-29
product_10,125.36,6,2024-06-13
product_47,422.3,1,2024-03-28
product_46,431.91,10,2024-06-04
product_45,129.99,3,2024-05-12
product_1,164.4,6,2024-04-22
product_31,214.39,3,2024-03-31
product_29,213.03,7,2024-02-10
product_26,11.69,1,2024-03-06
product_2,112.44,8,2024-02-09
product_12,177.58,10,2024-03-31
product_17,442.64,2,2024-05-24
product_34,147.44,9,2024-03-03
product_36,320.07,4,2024-06-18
product_13,323.77,2,2024-02-19
product_43,50.19,8,2024-06-04
product_50,383.01,7,2024-05-15
product_12,98.86,6,2024-01-17
product_47,157.49,4,2024-04-29
product_48,497.77,8,2024-04-05
product_42,148.91,6,2024-03-18
product_28,407.3,10,2024-05-22
product_7,282.62,1,2024-04-04
product_28,394.28,2,2024-05-15
product_24,235.79,1,2024-01-03
product_9,227.84,1,2024-03-06
product_44,199.5,2,2024-02-08
product_46,181.06,1,2024-06-19
product_24,416.81,2,2024-02-12
product_28,489.05,2,2024-05-03
product_4,191.05,2,2024-01-01
product_41,81.62,3,2024-04-21
product_37,327.17,8,2024-02-29
product_12,239.71,7,2024-05-01
product_25,228.31,10,2024-06-16
product_16,388.14,5,2024-04-01
product_24,223.11,10,2024-03-01
product_16,122.06,1,2024-02-12
product_35,418.09,4,2024-05-23
product_25,294.03,8,2024-05-04
product_20,336.36,6,2024-01-23
product_22,335.72,9,2024-05-14
product_15,299.92,5,2024-02-18
product_5,236.21,5,2024-05-12
product_50,382.44,5,2024-03-09
product_9,205.86,6,2024-04-15
product_49,367.12,10,2024-01-28
product_45,201.69,6,2024-02-14
product_27,22.42,1,2024-03-10
product_10,379.03,6,2024-06-27
product_13,439.91,10,2024-05-27
product_7,313.19,6,2024-06-10
product_45,241.77,5,2024-03-25
product_35,354.25,6,2024-01-03
product_27,205.45,4,2024-06-10
product_49,56.98,2,2024-02-20
product_46,142.2,10,2024-03-29
product_44,126.99,6,2024-03-28
product_15,462.66,9,2024-03-20
product_16,238.06,6,2024-05-20
product_15,342.04,3,2024-02-12
product_42,171.3,7,2024-05-30
product_13,141.63,4,2024-03-10
product_21,299.24,3,2024-02-24
product_10,456.44,8,2024-06-18
product_43,113.32,5,2024-04-13
product_9,380.03,8,2024-06-23
product_27,176.7,3,2024-04-26
product_10,476.26,5,2024-01-19
product_5,456.71,2,2024-04-06
product_41,32.5,3,2024-03-07
product_9,120.75,6,2024-04-29
product_16,113.64,2,2024-06-16
product_43,193.07,1,2024-01-21
product_43,29.3,3,2024-02-06
product_22,289.51,4,2024-06-18
product_7,175.28,7,2024-02-18
product_32,144.33,7,2024-06-15
product_14,257.86,4,2024-02-04
product_13,444.63,10,2024-01-26
product_37,144.08,8,2024-02-12
product_34,220.1,7,2024-06-03
product_5,347.71,8,2024-06-04
product_21,326.06,8,2024-06-24
product_20,378.38,4,2024-01-04
product_7,107.99,3,2024-03-26
product_34,442.88,4,2024-05-07
product_49,78.86,1,2024-06-02
product_12,148.05,1,2024-03-03
product_33,382.24,4,2024-02-10
product_15,360.6,6,2024-04-27
product_20,240.67,3,2024-03-17
product_50,486.71,6,2024-05-30
product_18,93.6,1,2024-04-25
product_11,350.17,1,2024-02-13
product_44,430.92,2,2024-05-29
product_33,48.23,5,2024-02-04
product_20,450.02,6,2024-02-26
product_24,350.98,6,2024-05-22
product_7,409.33,2,2024-02-14
product_31,183.9,9,2024-06-25
product_13,83.8,3,2024-05-15
product_48,491.56,8,2024-01-13
product_25,30.63,7,2024-01-20
product_4,159.75,4,2024-06-18
product_5,226.33,8,2024-04-16
product_13,231.88,8,2024-05-27
product_9,62.57,5,2024-05-25
product_34,328.58,7,2024-01-13
product_26,100.72,10,2024-02-27
product_26,431.56,4,2024-02-07
product_15,182.93,3,2024-01-06
product_29,37.96,6,2024-03-20
product_7,36.76,6,2024-02-25
product_2,66.94,10,2024-05-11
product_3,443.72,8,2024-02-04
product_12,174.77,9,2024-06-10
product_30,453.64,9,2024-04-02
product_39,18.27,7,2024-03-01
product_22,174.64,2,2024-02-07
product_43,231.83,9,2024-06-05
product_46,358.96,10,2024-06-01
product_47,85.87,3,2024-05-03
product_31,440.97,10,2024-04-18
product_40,94.88,8,2024-02-11
product_45,442.69,2,2024-06-17
product_4,270.58,9,2024-01-26
product_44,337.98,9,2024-01-13
product_23,419.08,2,2024-02-19
product_21,341.69,9,2024-04-27
product_43,83.57,9,2024-01-01
product_12,297.89,9,2024-05-26
product_23,305.82,5,2024-01-20
product_42,96.19,2,2024-06-05
product_2,470.16,10,2024-03-10
product_30,152.13,9,2024-05-15
product_10,156.62,3,2024-04-17
product_21,13.07,9,2024-06-03
product_45,11.47,10,2024-01-09
product_13,226.42,1,2024-05-02
product_19,204.88,4,2024-06-21
product_33,302.06,10,2024-04-17
product_40,185.76,8,2024-04-06
product_30,270.49,10,2024-02-06
product_13,435.39,9,2024-06-16
product_39,205.92,6,2024-05-27
product_36,411.38,10,2024-02-22
product_47,458.8,5,2024-01-08
product_27,310.72,5,2024-03-18
product_37,124.76,6,2024-06-08
product_8,486.81,2,2024-06-05
product_16,493.85,1,2024-04-12
product_3,349.06,3,2024-01-21
product_38,188.49,7,2024-02-16
product_1,170.02,4,2024-02-03
product_25,114.29,6,2024-03-20
product_12,121.8,5,2024-05-19
product_23,439.54,5,2024-01-04
product_16,152.17,3,2024-03-08
product_42,413.87,10,2024-01-19
product_6,54.41,1,2024-04-20
product_33,477.22,8,2024-03-15
product_6,53.78,4,2024-02-14
product_42,455.69,3,2024-02-09
product_38,342.28,9,2024-06-05
product_10,329.87,9,2024-03-03
product_22,118.42,5,2024-01-29
product_47,279.39,7,2024-05-21
product_48,175.24,3,2024-02-09
product_38,267.82,3,2024-01-24
product_27,253.81,3,2024-05-12
product_38,472.81,1,2024-03-23
product_31,48.33,8,2024-03-30
product_2,200.01,2,2024-03-12
product_37,159.32,8,2024-04-11
product_43,322.85,4,2024-05-26
product_44,82.12,1,2024-02-13
product_46,45.32,4,2024-01-23
product_22,11.13,3,2024-03-08
product_27,293.06,1,2024-03-01
product_2,422.89,2,2024-02-13
product_16,324.83,5,2024-05-07
product_30,397.07,7,2024-01-23
product_50,334.88,10,2024-06-28
product_33,296.55,4,2024-06-25
product_50,264.67,8,2024-03-16
product_23,48.83,3,2024-04-29
product_24,317.14,2,2024-01-25
product_26,106.83,10,2024-03-27
product_41,255.17,5,2024-05-18
product_10,196.71,4,2024-03-30
product_23,251.6,6,2024-05-29
product_33,480.55,2,2024-06-10
product_38,344.41,7,2024-03-03
product_29,110.41,3,2024-05-04
product_8,90.69,6,2024-01-21
product_8,252.85,7,2024-06-18
product_34,414.03,5,2024-02-04
product_49,102.56,8,2024-01-02
product_16,292.81,8,2024-05-18
product_18,271.72,10,2024-04-15
product_10,338.74,7,2024-02-05
product_24,99.11,2,2024-01-13
product_37,390.0,9,2024-03-07
product_31,18.41,1,2024-02-08
product_30,192.03,1,2024-05-29
product_35,26.26,9,2024-04-17
product_21,408.93,1,2024-06-05
product_39,186.14,3,2024-02-13
product_12,324.03,1,2024-05-20
product_36,56.74,3,2024-05-22
product_2,347.33,3,2024-02-10
product_26,470.35,7,2024-02-15
product_41,424.38,2,2024-05-15
product_34,402.94,4,2024-02-04
product_14,422.4,5,2024-03-15
product_44,182.61,3,2024-06-07
product_23,193.82,10,2024-04-25
product_42,172.84,10,2024-04-13
product_4,172.62,7,2024-04-11
product_15,94.8,4,2024-04-25
product_25,22.66,7,2024-03-28
product_16,253.64,3,2024-02-11
product_7,458.67,3,2024-05-13
product_11,362.76,6,2024-05-08
product_19,330.09,3,2024-05-24
product_44,64.79,7,2024-04-02
product_17,157.25,9,2024-06-29
product_4,29.36,7,2024-01-26
product_44,460.95,9,2024-03-16
product_40,252.51,9,2024-01-25
product_11,409.43,6,2024-01-13
product_17,334.75,3,2024-06-01
product_37,405.81,7,2024-06-28
product_34,242.83,1,2024-06-14
product_32,101.02,3,2024-03-08
product_34,360.43,4,2024-05-22
product_9,160.66,10,2024-01-16
product_31,349.02,9,2024-01-30
product_3,320.52,8,2024-06-26
product_12,448.86,2,2024-05-17
product_19,34.68,9,2024-02-11
product_43,248.3,7,2024-04-07
product_30,399.66,1,2024-06-08
product_5,69.07,2,2024-05-13
product_48,115.88,10,2024-05-12
product_10,230.67,1,2024-01-11
product_43,203.79,2,2024-05-26
product_26,416.91,2,2024-01-04
product_17,378.0,6,2024-06-21
product_35,397.88,9,2024-03-18
product_13,24.9,6,2024-04-09
product_12,400.59,2,2024-05-08
product_34,339.41,2,2024-06-23
product_47,299.14,7,2024-06-29
product_29,359.08,8,2024-05-16
product_13,53.58,7,2024-02-26
product_38,243.7,4,2024-03-17
product_21,134.7,4,2024-04-10
product_45,102.68,9,2024-01-09
product_21,35.17,3,2024-04-01
product_17,202.8,7,2024-04-13
product_49,118.34,8,2024-04-27
product_33,49.0,5,2024-04-09
product_10,166.6,3,2024-04-03
product_38,355.36,5,2024-01-07
product_15,242.2,8,2024-05-13
product_36,378.3,4,2024-02-10
product_47,460.71,7,2024-04-03
product_37,242.93,3,2024-06-29
product_26,49.27,1,2024-04-18
product_35,496.49,9,2024-04-12
product_17,136.73,3,2024-03-05
product_18,106.21,2,2024-01-12
product_15,475.04,2,2024-04-15
product_25,40.61,5,2024-06-22
product_28,217.77,4,2024-02-04
product_10,273.11,7,2024-04-01
product_19,292.16,9,2024-05-03
product_7,140.79,10,2024-04-24
product_9,178.76,3,2024-02-13
product_16,467.08,7,2024-06-23
product_14,172.17,4,2024-04-30
product_42,346.22,6,2024-02-20
product_8,321.67,3,2024-02-28
product_44,128.08,4,2024-05-24
product_43,106.8,9,2024-05-12
product_11,380.79,3,2024-03-24
product_6,33.78,1,2024-05-31
product_42,120.32,1,2024-06-14
product_45,276.37,3,2024-04-21
product_39,433.79,4,2024-04-06
product_38,56.6,6,2024-04-16
product_5,184.49,4,2024-01-29
product_13,100.87,3,2024-06-22
product_40,227.46,2,2024-04-08
product_39,494.38,1,2024-05-21
product_36,328.97,7,2024-01-24
product_8,182.83,1,2024-01-28
product_33,367.62,9,2024-03-25
product_7,54.88,1,2024-05-13
product_9,255.85,2,2024-03-22
product_15,429.97,10,2024-05-28
product_17,437.81,8,2024-04-21
product_6,15.48,1,2024-06-21
product_48,417.44,10,2024-05-18
product_29,244.41,3,2024-06-27
product_49,41.77,6,2024-06-14
product_20,90.8,6,2024-04-15
product_12,350.54,2,2024-02-22
product_4,404.37,4,2024-04-02
product_26,154.74,4,2024-02-06
product_15,273.36,8,2024-03-06
product_43,458.34,9,2024-04-18
product_26,150.32,9,2024-05-24
product_16,441.15,1,2024-01-03
product_11,298.75,6,2024-06-24
product_26,231.34,1,2024-02-25
product_29,390.93,6,2024-06-21
product_1,137.11,3,2024-05-16
product_21,302.5,4,2024-04-10
product_44,103.22,3,2024-06-12
product_1,237.64,2,2024-03-28
product_24,151.07,2,2024-06-10
product_39,22.46,1,2024-01-28
product_24,311.5,8,2024-04-23
product_32,155.83,10,2024-04-07
product_3,492.76,4,2024-02-08
product_22,19.21,4,2024-04-19
product_37,35.25,2,2024-04-23
product_25,490.32,2,2024-04-22
product_39,287.24,10,2024-01-06
product_32,156.35,2,2024-03-24
product_34,452.39,6,2024-04-13
product_16,43.29,4,2024-06-12
product_44,236.81,4,2024-04-15
product_12,250.52,6,2024-01-25
product_34,65.59,8,2024-03-22
product_7,118.57,6,2024-06-03
product_34,146.63,7,2024-04-18
product_18,259.67,6,2024-04-24
product_46,302.85,5,2024-04-10
product_43,55.55,5,2024-05-08
product_5,239.12,1,2024-01-13
product_34,263.04,7,2024-02-20
product_45,44.97,8,2024-05-04
product_29,463.42,10,2024-04-28
product_9,320.68,1,2024-02-29
product_9,140.48,4,2024-04-04
product_23,437.87,2,2024-06-14
product_26,73.31,2,2024-03-09
product_13,383.37,8,2024-05-22
product_50,397.71,3,2024-01-19
product_9,118.96,4,2024-06-05
product_12,275.51,2,2024-04-06
product_37,221.52,1,2024-05-29
product_14,270.84,2,2024-02-04
product_26,396.67,8,2024-05-29
product_43,197.71,6,2024-05-22
product_6,34.96,7,2024-04-03
product_13,408.28,3,2024-03-08
product_40,458.49,4,2024-04-30
product_35,274.82,8,2024-04-27
product_32,14.88,10,2024-04-04
product_47,22.92,3,2024-06-13
product_40,26.54,9,2024-01-18
product_2,419.49,1,2024-03-07
product_39,171.62,9,2024-06-24
product_49,366.79,7,2024-01-26
product_44,230.2,1,2024-01-15
product_16,39.21,6,2024-06-09
product_1,495.43,8,2024-05-15
product_43,367.33,10,2024-02-14
product_38,488.86,5,2024-02-02
product_42,173.63,6,2024-01-17
product_27,86.05,5,2024-06-10
product_34,51.05,6,2024-01-02
product_19,423.32,5,2024-06-24
product_18,66.29,5,2024-01-27
product_5,387.57,10,2024-05-20
product_2,184.07,3,2024-03-20
product_8,368.8,3,2024-03-06
product_29,222.44,7,2024-02-27
product_47,65.6,3,2024-03-13
product_29,77.46,3,2024-03-28
product_11,127.28,1,2024-03-03
product_10,228.95,3,2024-02-10
product_50,367.78,4,2024-04-24
product_43,36.68,3,2024-03-11
product_42,302.52,6,2024-01-12
product_8,212.37,4,2024-04-11
product_12,435.97,4,2024-01-20
product_31,166.17,5,2024-01-16
product_17,188.24,2,2024-01-21
product_28,468.77,1,2024-03-26
product_42,321.37,1,2024-01-24
product_32,83.01,10,2024-02-21
product_37,260.96,9,2024-06-25
product_49,177.26,10,2024-02-23
product_50,388.73,3,2024-03-20
product_14,65.19,9,2024-05-08
product_12,298.98,4,2024-05-01
product_47,231.39,6,2024-01-30
product_36,288.36,7,2024-01-28
product_15,472.41,9,2024-04-08
product_12,198.83,3,2024-03-07
product_49,265.69,5,2024-01-12
product_4,156.2,1,2024-02-14
product_2,455.76,7,2024-06-28
product_2,295.56,10,2024-06-06
product_24,306.07,10,2024-01-18
product_42,235.22,3,2024-01-20
product_18,437.86,6,2024-05-29
product_13,143.54,1,2024-03-17
product_41,401.85,4,2024-06-26
product_34,121.07,2,2024-06-16
product_37,447.51,2,2024-05-30
product_34,242.03,7,2024-01-04
product_20,46.71,1,2024-04-21
product_34,297.84,1,2024-05-09
product_10,341.52,1,2024-03-07
product_5,43.11,7,2024-05-28
product_43,63.58,5,2024-03-25
product_23,301.19,4,2024-01-16
product_42,371.68,4,2024-06-27
product_17,202.1,9,2024-05-29
product_24,101.78,5,2024-06-29
product_17,406.83,2,2024-05-10
product_25,400.59,8,2024-05-14
product_36,317.61,10,2024-04-03
product_7,109.13,2,2024-03-07
product_38,299.57,6,2024-05-08
product_21,74.81,7,2024-05-21
product_7,249.63,6,2024-02-25
product_10,261.84,4,2024-01-09
product_49,46.6,9,2024-03-17
product_27,142.34,2,2024-04-11
product_13,397.04,6,2024-04-26
product_4,407.54,4,2024-06-16
product_41,497.3,9,2024-01-19
product_44,217.72,4,2024-03-25
product_26,149.12,7,2024-05-08
product_11,134.74,8,2024-02-22
product_26,72.25,2,2024-04-06
product_35,248.48,7,2024-05-13
product_41,33.46,10,2024-05-18
product_32,373.9,10,2024-05-27
product_10,39.67,10,2024-04-23
product_1,58.15,4,2024-02-20
product_23,221.82,6,2024-03-18
product_17,396.85,4,2024-02-10
product_30,161.4,8,2024-01-03
product_10,122.94,5,2024-05-28
product_14,27.94,7,2024-02-19
product_40,32.62,4,2024-01-17
product_31,137.92,6,2024-06-16
product_10,351.79,10,2024-06-23
product_43,373.63,2,2024-05-31
product_34,195.11,3,2024-01-12
product_39,18.44,9,2024-06-27
product_45,365.0,4,2024-04-11
product_33,320.03,2,2024-05-18
product_49,248.03,7,2024-01-08
product_17,274.83,3,2024-05-23
product_47,71.66,9,2024-01-22
product_25,271.49,10,2024-06-11
product_31,260.11,3,2024-02-11
product_19,298.46,1,2024-03-30
product_49,115.39,8,2024-01-12
product_20,314.89,6,2024-01-13
product_26,236.78,8,2024-01-28
product_26,91.34,6,2024-02-18
product_10,305.48,6,2024-04-05
product_49,222.51,4,2024-06-08
product_12,76.3,5,2024-06-25
product_34,125.18,3,2024-01-13
product_19,202.37,10,2024-04-27
product_30,92.06,4,2024-05-06
product_10,16.08,7,2024-03-23
product_19,321.75,4,2024-02-22
product_14,128.41,7,2024-03-03
product_48,53.74,10,2024-03-21
product_40,180.33,7,2024-05-13
product_50,363.86,3,2024-02-07
product_20,276.05,6,2024-01-13
product_2,31.89,2,2024-02-24
product_40,213.67,2,2024-06-21
product_21,373.89,5,2024-05-09
product_39,261.56,4,2024-02-23
product_36,310.62,8,2024-03-09
product_32,30.73,1,2024-03-06
product_24,481.67,8,2024-04-13
product_47,350.63,5,2024-04-06
product_11,94.01,9,2024-04-01
product_49,362.34,7,2024-02-20
product_44,218.7,2,2024-06-07
product_48,31.2,3,2024-03-15
product_33,13.15,1,2024-01-02
product_30,364.57,1,2024-04-28
product_35,499.96,10,2024-04-05
product_28,86.66,8,2024-04-25
product_40,480.56,5,2024-03-06
product_26,411.5,1,2024-05-25
product_27,459.75,2,2024-04-22
product_29,227.91,3,2024-02-13
product_38,65.23,7,2024-05-07
product_47,255.09,7,2024-06-26
product_42,301.23,6,2024-02-09
product_38,101.89,5,2024-01-09
product_46,383.21,7,2024-03-08
product_24,164.42,4,2024-05-11
product_14,386.63,10,2024-01-02
product_35,242.96,9,2024-02-25
product_10,95.07,10,2024-03-12
product_5,221.58,2,2024-04-28
product_24,369.02,2,2024-03-12
product_50,465.43,6,2024-01-24
product_38,235.71,1,2024-06-13
product_47,10.16,4,2024-05-25
product_35,221.8,9,2024-06-09
product_30,348.67,7,2024-03-06
product_37,348.07,9,2024-01-06
product_29,155.85,10,2024-06-15
product_8,201.64,6,2024-05-06
product_34,377.6,2,2024-04-24
product_50,485.82,9,2024-06-17
product_45,486.43,2,2024-05-11
product_31,166.6,7,2024-05-29
product_17,453.49,6,2024-05-03
product_27,238.2,3,2024-03-12
product_5,290.42,2,2024-05-18
product_34,470.11,8,2024-05-17
product_34,24.98,7,2024-05-10
product_42,284.79,6,2024-02-08
product_39,376.66,7,2024-05-20
product_16,286.32,8,2024-04-22
product_5,262.4,3,2024-03-29
product_8,455.56,3,2024-06-27
product_28,212.98,6,2024-02-23
product_21,114.78,1,2024-02-02
product_7,186.46,2,2024-06-17
product_30,40.8,10,2024-01-01
product_34,454.99,7,2024-06-29
product_22,341.85,3,2024-06-07
product_30,487.92,7,2024-02-08
product_33,252.55,8,2024-01-08
product_49,43.88,4,2024-06-02
product_46,295.38,5,2024-04-02
product_43,322.57,4,2024-02-16
product_12,149.76,9,2024-06-13
product_44,278.62,1,2024-01-17
product_26,84.77,9,2024-01-20
product_36,200.22,10,2024-04-25
product_31,293.05,7,2024-03-11
product_13,260.7,10,2024-02-04
product_33,325.58,3,2024-02-18
product_36,276.43,4,2024-02-29
product_11,234.57,5,2024-06-01
product_46,475.04,8,2024-06-16
product_36,368.83,1,2024-05-04
product_9,467.4,1,2024-06-16
product_27,53.17,1,2024-05-05
product_20,231.61,9,2024-02-05
product_21,486.9,7,2024-03-24
product_30,412.91,8,2024-01-28
product_9,265.82,7,2024-01-24
product_19,472.16,8,2024-04-20
product_20,104.0,1,2024-01-24
product_46,342.36,9,2024-03-30
product_26,24.43,4,2024-03-21
product_39,68.08,6,2024-05-12
product_12,290.79,6,2024-05-15
product_42,68.92,7,2024-04-18
product_19,91.94,4,2024-05-16
product_3,461.04,3,2024-02-02
product_47,148.31,2,2024-04-12
product_35,236.67,4,2024-03-07
product_24,52.37,8,2024-05-14
product_40,19.19,7,2024-02-12
product_18,492.51,9,2024-02-11
product_24,91.03,7,2024-03-22
product_40,424.07,5,2024-03-02
product_28,333.42,8,2024-02-01
product_6,277.21,9,2024-05-03
product_10,61.65,5,2024-06-07
product_2,37.28,1,2024-02-24
product_9,479.76,6,2024-01-19
product_47,126.82,4,2024-01-18
product_42,17.94,10,2024-05-05
product_7,140.58,2,2024-04-13
product_1,125.69,5,2024-02-07
product_4,372.1,9,2024-01-01
product_24,297.23,4,2024-02-26
product_8,228.24,2,2024-01-26
product_8,304.02,4,2024-05-17
product_4,406.45,3,2024-05-08
product_26,410.15,3,2024-06-27
product_32,172.68,4,2024-06-04
product_9,180.52,3,2024-04-24
product_21,101.62,7,2024-03-06
product_27,398.01,10,2024-05-05
product_20,143.73,5,2024-01-08
product_5,418.88,2,2024-03-15
product_48,294.35,3,2024-02-13
product_45,491.54,5,2024-06-07
product_1,162.29,7,2024-04-12
product_20,401.17,9,2024-06-13
product_31,237.54,4,2024-04-05
product_29,471.76,1,2024-03-16
product_31,54.88,9,2024-03-20
product_45,32.32,5,2024-03-24
product_25,80.97,2,2024-02-04
product_44,118.08,9,2024-06-15
product_37,316.4,3,2024-02-09
product_46,266.91,6,2024-03-28
product_32,164.45,3,2024-01-05
product_19,199.79,4,2024-04-24
product_31,215.51,3,2024-03-27
product_20,421.14,5,2024-06-12
product_13,26.88,5,2024-03-09
product_13,197.68,7,2024-03-30
product_9,199.24,6,2024-03-04
product_28,352.52,7,2024-05-24
product_12,301.76,4,2024-03-08
product_24,318.97,2,2024-04-12
product_12,345.75,10,2024-04-23
product_21,132.14,1,2024-06-12
product_29,475.91,7,2024-04-04
product_8,454.85,9,2024-06-17
product_28,93.28,7,2024-03-25
product_8,197.77,5,2024-05-25
product_6,314.56,10,2024-06-04
product_37,345.19,4,2024-05-29
product_33,441.88,9,2024-05-16
product_24,454.73,10,2024-03-12
product_23,56.17,8,2024-05-15
product_5,89.33,8,2024-01-30
product_3,111.91,10,2024-02-08
product_48,359.58,10,2024-03-06
product_37,358.46,6,2024-05-08
product_29,59.4,6,2024-04-01
product_6,449.83,2,2024-04-09
product_35,127.15,7,2024-05-17
product_10,157.73,4,2024-06-20
product_12,396.53,6,2024-04-04
product_33,464.35,3,2024-02-03
product_48,163.36,8,2024-05-04
product_2,293.31,7,2024-03-27
product_33,152.19,9,2024-03-18
product_24,279.97,10,2024-02-06
product_33,126.67,1,2024-04-23
product_38,298.39,7,2024-04-15
product_45,455.48,1,2024-06-24
product_31,86.41,4,2024-01-02
product_8,192.44,1,2024-06-16
product_29,340.0,2,2024-04-08
product_15,351.97,3,2024-05-27
product_46,463.85,6,2024-03-22
product_28,270.4,4,2024-05-25
product_3,346.93,4,2024-04-02
product_19,14.91,1,2024-03-27
product_45,419.58,8,2024-01-22
product_18,188.0,4,2024-05-16
product_30,181.2,7,2024-01-16
product_39,478.57,7,2024-04-16
product_7,215.05,6,2024-03-22
product_17,98.61,8,2024-01-15
product_13,135.52,8,2024-04-25
product_12,122.2,7,2024-05-25
product_28,293.97,3,2024-04-23
product_18,306.69,8,2024-03-07
product_5,79.34,1,2024-01-05
product_7,105.03,7,2024-01-31
product_26,252.13,10,2024-02-01
product_2,78.7,10,2024-05-15
product_10,132.47,5,2024-06-08
product_18,240.8,5,2024-05-23
product_25,280.33,3,2024-05-03
product_25,109.64,6,2024-01-06
product_50,122.56,9,2024-05-13
product_39,328.67,9,2024-03-23
product_24,398.76,7,2024-06-28
product_22,81.4,7,2024-03-07
product_12,66.85,6,2024-01-09
product_39,343.42,8,2024-01-08
product_22,136.05,3,2024-02-07
product_34,211.77,3,2024-03-02
product_46,26.58,10,2024-04-14
product_44,317.45,2,2024-03-03
product_5,110.97,9,2024-05-20
product_7,409.74,9,2024-01-01
product_6,132.75,4,2024-02-26
product_48,363.39,9,2024-05-01
product_40,259.18,9,2024-05-12
product_35,86.77,1,2024-04-01
product_29,61.23,7,2024-03-28
product_38,207.94,4,2024-03-10
product_21,327.08,5,2024-02-29
product_23,324.99,8,2024-06-23
product_35,209.79,3,2024-01-26
product_41,237.6,10,2024-03-28
product_9,414.95,4,2024-03-04
product_29,323.38,1,2024-01-08
product_38,393.71,1,2024-02-22
product_3,127.21,7,2024-04-19
product_40,478.77,10,2024-04-29
product_36,363.81,7,2024-05-14
product_41,165.8,4,2024-05-07
product_12,69.76,7,2024-02-03
product_12,181.56,10,2024-06-06
product_23,413.4,5,2024-04-05
product_16,163.19,6,2024-05-23
product_1,220.8,9,2024-03-13
product_21,21.8,10,2024-02-21
product_20,231.26,4,2024-02-29
product_45,45.37,9,2024-01-21
product_43,342.78,6,2024-01-01
product_8,32.34,9,2024-05-20
product_22,451.51,8,2024-01-10
product_22,23.1,7,2024-01-29
product_17,29.14,7,2024-06-19
product_35,42.83,1,2024-04-07
product_30,118.6,7,2024-03-05
product_28,441.09,5,2024-05-21
product_36,417.81,3,2024-03-17
product_28,441.27,2,2024-04-04
product_12,33.37,4,2024-06-26
product_5,357.19,6,2024-04-25
product_33,32.26,7,2024-05-27
product_21,228.7,7,2024-03-31
product_1,467.26,3,2024-05-29
product_42,374.07,10,2024-04-14
product_5,214.71,6,2024-04-07
product_5,129.57,1,2024-03-05
product_40,424.13,10,2024-03-01
product_17,306.66,6,2024-04-26
product_48,253.49,7,2024-03-19
product_49,483.92,8,2024-04-04
product_12,210.25,7,2024-06-20
product_18,163.82,4,2024-02-14
product_30,448.47,8,2024-06-24
product_12,216.96,7,2024-01-23
product_37,409.52,2,2024-06-08
product_49,352.43,2,2024-06-05
product_27,178.6,8,2024-04-14
product_9,455.31,1,2024-01-13
product_22,433.63,5,2024-06-14
product_22,286.91,3,2024-04-20
product_17,375.34,10,2024-05-09
product_25,20.37,10,2024-06-22
product_29,162.3,6,2024-06-20
product_41,484.91,7,2024-01-05
product_7,262.65,8,2024-06-22
product_6,406.2,10,2024-03-30
product_15,97.56,10,2024-06-27
product_28,168.15,4,2024-01-17
product_20,94.22,3,2024-04-20
product_27,446.93,9,2024-02-13
product_28,318.84,1,2024-03-19
product_28,462.81,1,2024-01-18
product_10,222.05,6,2024-03-07
product_21,288.51,1,2024-04-15
product_49,324.79,3,2024-01-06
product_45,352.06,6,2024-05-13
product_45,128.24,3,2024-04-11
product_16,209.51,5,2024-05-26
product_10,177.85,7,2024-05-21
product_35,445.86,10,2024-05-31
product_23,266.53,7,2024-03-12
product_23,353.16,8,2024-03-25
product_9,48.79,8,2024-02-19
product_20,197.09,9,2024-02-29
product_10,264.51,8,2024-01-09
product_34,28.36,7,2024-02-26
product_25,239.53,5,2024-06-05
product_10,217.07,6,2024-03-17
product_3,111.86,2,2024-03-18
product_3,54.55,7,2024-02-07
product_33,23.54,3,2024-06-08
product_41,335.13,7,2024-06-21
product_37,378.05,4,2024-05-23
product_49,64.31,3,2024-04-19
product_15,324.65,8,2024-03-13
product_14,444.41,7,2024-06-09
product_18,236.59,3,2024-03-08
product_20,467.54,7,2024-01-22
product_41,129.3,2,2024-02-22
product_48,159.39,3,2024-04-01
product_44,367.37,10,2024-01-02
product_26,12.31,3,2024-02-25
product_10,314.5,5,2024-05-24
product_25,99.16,8,2024-01-20
product_29,419.67,2,2024-05-07
product_31,225.64,4,2024-06-03
product_33,205.54,5,2024-02-10
product_38,245.56,5,2024-03-27
product_37,143.63,5,2024-02-12
product_45,286.73,10,2024-02-21
product_41,401.15,6,2024-05-29
product_9,62.74,8,2024-03-15
product_43,308.63,3,2024-01-06
product_30,94.22,2,2024-05-21
product_49,325.88,10,2024-03-27
product_35,213.5,6,2024-01-24
product_26,452.2,10,2024-05-31
product_37,99.68,4,2024-02-09
product_43,117.88,4,2024-01-12
product_30,236.41,4,2024-03-21
product_32,434.06,2,2024-05-07
product_11,426.05,10,2024-06-15
product_41,442.59,9,2024-05-17
product_46,315.74,8,2024-06-12
product_31,250.7,2,2024-03-27
product_8,55.95,8,2024-03-06
product_30,121.36,8,2024-06-06
product_35,233.76,10,2024-03-15
product_12,370.68,6,2024-05-29
product_35,296.17,4,2024-01-03
product_41,337.66,9,2024-04-18
product_34,289.45,5,2024-06-18
product_46,84.39,4,2024-03-07
product_33,259.04,6,2024-01-12
product_20,116.85,5,2024-01-19
product_38,417.34,10,2024-03-18
product_2,176.85,1,2024-01-10
product_42,301.29,1,2024-05-28
product_6,80.12,1,2024-03-26
product_15,33.58,2,2024-05-30
product_40,112.9,1,2024-06-19
product_13,347.22,6,2024-06-19
product_29,362.49,4,2024-01-31
product_34,24.46,3,2024-01-14
product_12,314.97,3,2024-01-02
product_11,31.15,1,2024-03-30
product_45,423.45,2,2024-03-13
product_29,137.15,6,2024-03-24
product_7,10.93,10,2024-03-07
product_24,460.01,2,2024-06-06
product_8,141.64,6,2024-06-26
product_22,467.11,4,2024-04-25
product_18,412.33,7,2024-03-31
product_38,189.14,2,2024-06-14
product_11,97.96,9,2024-06-01
product_6,390.52,10,2024-05-11
product_1,454.57,5,2024-01-10
product_14,354.14,4,2024-02-23
product_15,103.71,4,2024-01-31
product_49,171.9,8,2024-05-24
product_26,164.51,6,2024-04-01
product_41,144.83,8,2024-01-31
product_42,365.6,8,2024-04-05
product_14,251.44,5,2024-03-31
product_5,34.39,8,2024-03-28
product_10,353.31,9,2024-01-13
product_46,176.05,6,2024-06-26
product_27,232.02,9,2024-06-06
product_13,350.46,3,2024-02-12
product_36,80.35,6,2024-01-16
product_27,486.14,1,2024-05-08
product_23,254.75,3,2024-02-28
product_47,472.89,2,2024-04-23
product_30,244.0,6,2024-05-30
product_4,174.62,9,2024-02-18
product_14,358.0,7,2024-03-15
product_50,152.24,8,2024-01-15
product_47,362.33,8,2024-02-21
product_33,85.07,9,2024-06-25
product_8,470.43,7,2024-01-29
product_1,408.09,8,2024-01-14
product_45,220.92,1,2024-02-08
product_47,181.71,4,2024-02-05
product_50,246.8,1,2024-04-12
product_44,332.87,10,2024-01-28
product_11,417.78,3,2024-06-07
product_27,110.46,3,2024-06-16
product_39,56.36,3,2024-06-11
product_41,39.31,3,2024-03-06
product_8,378.63,2,2024-01-01
product_5,186.61,5,2024-05-12
product_48,306.17,5,2024-01-30
product_15,209.41,1,2024-01-01
product_13,347.25,9,2024-01-08
product_44,51.3,3,2024-04-01
product_17,51.0,3,2024-03-15
product_35,238.15,2,2024-02-10
product_50,167.56,8,2024-06-06
product_1,187.06,1,2024-02-25
product_41,492.47,5,2024-01-22
product_24,103.69,10,2024-02-24
product_16,448.86,4,2024-05-24
product_6,51.25,3,2024-01-02
product_4,108.47,2,2024-02-10
product_36,271.04,8,2024-05-25
product_23,116.54,4,2024-02-28
product_34,324.6,1,2024-05-04
product_8,67.88,5,2024-02-16
product_14,482.17,6,2024-01-15
product_3,438.29,10,2024-03-06
product_12,57.99,10,2024-06-22
product_13,50.25,3,2024-03-21
product_24,364.84,10,2024-04-15
product_21,58.29,10,2024-02-17
product_1,461.13,1,2024-06-19
product_25,217.44,1,2024-06-22
product_21,153.98,2,2024-06-03
product_3,488.73,9,2024-04-30
product_34,314.17,2,2024-04-02
product_49,339.26,7,2024-06-12
product_19,101.17,6,2024-04-09
product_42,453.27,10,2024-05-24
product_13,307.15,4,2024-03-23
product_43,339.89,1,2024-03-19
product_25,305.02,2,2024-01-21
product_36,163.32,3,2024-04-06
product_17,162.01,3,2024-06-18
product_8,77.58,5,2024-01-11
product_47,115.79,4,2024-02-02
product_16,283.48,3,2024-05-18
product_49,199.75,1,2024-04-26
product_17,428.25,10,2024-05-29
product_24,355.26,6,2024-04-13
product_14,425.15,3,2024-02-01
product_49,108.13,6,2024-02-23
product_43,331.51,10,2024-01-14
product_3,413.18,2,2024-04-18
product_10,354.04,6,2024-04-09
product_10,120.66,3,2024-03-07
product_13,223.75,8,2024-06-26
product_20,121.39,5,2024-02-09
product_6,41.68,8,2024-04-18
product_40,495.85,10,2024-01-19
product_27,384.45,9,2024-02-17
product_47,85.69,7,2024-04-24
product_34,127.16,4,2024-05-19
product_41,112.58,4,2024-04-25
product_2,179.14,8,2024-01-01
product_23,418.93,4,2024-01-07
product_48,456.64,8,2024-01-25
product_10,201.54,2,2024-01-11
product_8,200.64,3,2024-01-11
product_1,338.25,5,2024-04-06
product_39,204.36,4,2024-01-12
product_5,24.21,10,2024-06-18
product_31,146.4,10,2024-04-13
product_28,353.25,10,2024-01-08
product_10,309.2,2,2024-05-23
product_46,303.58,8,2024-04-09
product_30,169.38,4,2024-01-19
product_13,230.68,8,2024-05-04
product_9,397.8,9,2024-01-24
product_31,36.65,2,2024-06-06
product_30,114.37,1,2024-01-20
product_6,491.96,2,2024-06-28
product_45,299.11,5,2024-06-12
product_21,354.14,2,2024-03-18
product_9,185.78,9,2024-04-02
product_40,311.47,9,2024-01-18
product_36,269.45,4,2024-02-10
product_2,37.97,5,2024-04-17
product_13,28.4,9,2024-03-24
product_24,96.61,7,2024-04-27
product_23,322.11,3,2024-05-30
product_29,499.75,10,2024-01-03
product_29,116.44,5,2024-03-28
product_46,162.2,1,2024-06-02
product_43,71.1,1,2024-04-14
product_41,48.09,5,2024-04-21
product_43,291.04,8,2024-04-29
product_22,396.29,2,2024-05-31
product_27,482.52,1,2024-02-24
product_5,479.71,8,2024-02-13
product_29,238.59,4,2024-01-21
product_21,100.28,10,2024-04-28
product_29,79.84,4,2024-03-20
product_6,100.8,7,2024-05-24
product_45,83.95,8,2024-04-14
product_32,96.9,4,2024-01-19
product_37,499.74,7,2024-02-04
product_16,304.56,2,2024-05-12
product_31,34.32,5,2024-01-09
product_29,280.18,7,2024-01-19
product_18,391.58,3,2024-05-21
product_34,276.97,9,2024-06-03
product_44,359.54,6,2024-03-11
product_13,47.95,4,2024-02-23
product_16,315.71,9,2024-04-04
product_22,200.9,9,2024-05-28
product_4,394.17,2,2024-06-10
product_15,254.03,4,2024-01-13
product_43,304.13,10,2024-01-23
product_7,374.2,8,2024-04-08
product_42,492.36,1,2024-05-22
product_7,436.66,3,2024-05-01
product_31,346.4,5,2024-03-25
product_32,79.15,1,2024-06-04
product_38,260.76,6,2024-04-17
product_46,354.86,5,2024-05-28
product_43,443.72,4,2024-04-09
product_30,81.97,7,2024-05-31
product_5,71.28,2,2024-02-27
product_6,485.22,2,2024-01-04
product_27,178.05,4,2024-05-17
product_2,203.86,2,2024-03-20
product_23,221.98,7,2024-02-01
product_11,172.85,5,2024-04-02
product_48,414.66,5,2024-05-14
product_12,90.82,10,2024-01-31
product_44,146.84,1,2024-02-27
product_33,304.87,5,2024-01-31
product_16,421.68,2,2024-06-14
product_33,22.61,10,2024-02-03
product_33,42.08,2,2024-03-13
product_7,407.4,6,2024-02-18
product_37,229.43,1,2024-03-03
product_4,387.5,10,2024-06-29
product_49,89.03,2,2024-01-23
product_40,458.05,8,2024-05-31
product_46,374.88,8,2024-05-08
product_15,29.73,10,2024-04-11
product_5,437.77,2,2024-01-20
product_12,117.26,10,2024-06-19
product_40,130.03,6,2024-03-03
product_39,25.27,3,2024-04-30
product_3,144.51,2,2024-06-07
product_26,238.48,2,2024-03-07
product_1,32.29,7,2024-03-06
product_44,97.97,4,2024-06-27
product_26,243.81,6,2024-02-16
product_50,23.73,5,2024-01-06
product_23,437.25,10,2024-02-14
product_46,345.32,7,2024-01-06
product_16,247.56,10,2024-03-16
product_47,486.48,6,2024-04-27
product_32,20.81,4,2024-01-31
product_28,499.81,5,2024-01-28
product_12,132.14,6,2024-03-09
product_50,495.53,3,2024-05-26
product_6,163.15,4,2024-03-16
product_34,295.58,7,2024-03-16
product_41,336.4,8,2024-05-02
product_30,105.73,4,2024-03-26
product_15,460.07,10,2024-04-15
product_25,303.78,3,2024-02-03
product_12,112.71,7,2024-03-15
product_34,200.79,5,2024-02-12
product_50,207.56,7,2024-03-04
product_30,338.46,4,2024-02-14
product_41,74.5,6,2024-04-21
product_23,463.91,10,2024-02-17
product_29,470.73,4,2024-03-27
product_27,348.26,7,2024-05-07
product_12,61.23,7,2024-06-14
product_50,55.05,10,2024-06-08
product_45,364.03,8,2024-05-01
product_3,438.17,6,2024-01-31
product_25,79.1,10,2024-02-28
product_13,409.38,8,2024-01-28
product_18,182.72,9,2024-01-14
product_35,55.5,2,2024-02-21
product_26,288.63,6,2024-06-06
product_23,396.61,10,2024-03-21
product_44,86.34,8,2024-04-24
product_9,134.04,9,2024-05-29
product_12,193.82,7,2024-06-01
product_30,49.78,1,2024-06-01
product_47,301.31,3,2024-03-18
product_25,367.42,6,2024-01-28
product_20,209.93,6,2024-03-06
product_7,251.33,5,2024-06-01
product_38,296.17,7,2024-06-14
product_12,322.86,1,2024-03-18
product_8,205.62,10,2024-02-08
product_42,468.59,9,2024-02-23
product_6,401.96,8,2024-05-24
product_21,484.25,4,2024-02-20
product_7,488.27,7,2024-01-10
product_3,466.07,2,2024-02-27
product_31,216.21,3,2024-02-14
product_37,32.22,4,2024-04-27
product_26,270.63,7,2024-06-10
product_44,72.02,6,2024-05-28
product_28,108.19,9,2024-02-26
product_20,192.8,6,2024-01-27
product_47,143.89,5,2024-04-03
product_10,62.64,9,2024-02-10
product_11,258.22,2,2024-05-24
product_14,344.77,8,2024-04-04
product_44,173.33,3,2024-01-22
product_46,380.11,1,2024-04-01
product_43,337.99,3,2024-05-08
product_13,434.41,9,2024-05-08
product_22,250.69,10,2024-03-19
product_32,63.02,8,2024-04-26
product_49,141.76,9,2024-04-12
product_4,141.5,6,2024-05-13
product_15,180.28,2,2024-05-06
product_17,381.27,1,2024-02-02
product_5,489.42,7,2024-05-14
product_40,310.22,4,2024-04-07
product_26,230.18,10,2024-05-10
product_28,192.09,4,2024-01-13
product_43,213.48,7,2024-06-15
product_45,260.76,3,2024-03-06
product_6,357.14,7,2024-06-06
product_30,207.43,6,2024-04-14
product_42,325.4,8,2024-05-30
product_20,257.19,1,2024-03-01
product_22,222.38,8,2024-04-22
product_28,59.72,2,2024-06-26
product_19,246.46,3,2024-02-09
product_1,495.12,6,2024-02-17
product_38,288.12,6,2024-05-20
product_4,39.56,8,2024-06-23
product_24,228.07,5,2024-05-15
product_17,197.5,6,2024-03-05
product_6,412.72,4,2024-02-11
product_47,296.9,6,2024-05-26
product_37,390.35,2,2024-06-07
product_34,286.57,6,2024-01-27
product_41,396.02,9,2024-06-29
product_23,268.77,2,2024-06-18
product_1,88.64,8,2024-06-12
product_21,346.55,1,2024-05-07
product_50,148.8,6,2024-01-16
product_19,382.01,10,2024-03-04
product_38,122.27,7,2024-06-17
product_16,375.03,7,2024-05-02
product_19,140.3,6,2024-03-26
product_27,276.16,2,2024-01-04
product_26,173.66,6,2024-03-04
product_39,480.6,7,2024-02-01
product_16,233.6,8,2024-06-17
product_4,279.57,10,2024-03-14
product_26,22.95,6,2024-04-06
product_26,263.75,9,2024-05-16
product_47,368.93,5,2024-05-21
product_11,66.82,4,2024-01-07
product_9,454.68,5,2024-03-03
product_36,39.36,6,2024-04-28
product_23,89.79,1,2024-04-20
product_32,103.2,10,2024-06-14
product_17,279.33,6,2024-06-20
product_18,357.88,2,2024-01-31
product_23,351.24,5,2024-06-01
product_29,298.77,7,2024-03-13
product_44,37.97,4,2024-04-20
product_28,10.14,7,2024-02-06
product_18,113.13,1,2024-05-18
product_1,307.28,5,2024-06-24
product_48,131.07,10,2024-04-26
product_50,269.76,9,2024-06-05
product_47,149.2,5,2024-05-09
product_16,123.52,1,2024-02-08
product_41,102.11,5,2024-02-01
product_16,375.69,4,2024-05-24
product_28,489.65,8,2024-05-25
product_28,437.51,6,2024-03-18
product_38,21.58,5,2024-06-15
product_40,138.75,3,2024-05-03
product_35,188.01,3,2024-05-22
product_28,183.2,6,2024-05-21
product_40,270.1,7,2024-03-10
product_44,222.77,5,2024-05-03
product_36,307.95,7,2024-05-11
product_44,367.19,5,2024-05-11
product_40,99.32,2,2024-01-11
product_9,225.24,8,2024-05-04
product_10,200.38,9,2024-04-08
product_33,217.3,10,2024-03-03
product_22,228.45,7,2024-03-24
product_1,47.7,7,2024-02-25
product_31,343.03,5,2024-02-26
product_29,61.77,3,2024-03-02
product_37,89.25,4,2024-04-30
product_18,486.24,7,2024-02-18
product_24,93.84,1,2024-01-13
product_3,117.97,7,2024-05-16
product_11,36.86,5,2024-02-01
product_10,359.6,6,2024-02-18
product_4,472.85,7,2024-05-17
product_39,155.89,10,2024-01-15
product_14,271.64,9,2024-02-06
product_5,211.74,8,2024-02-05
product_47,128.43,6,2024-03-04
product_46,294.7,3,2024-04-21
product_36,198.18,1,2024-01-23
product_41,99.76,10,2024-02-15
product_50,371.41,7,2024-01-21
product_32,362.31,6,2024-05-13
product_27,366.34,7,2024-01-24
product_33,304.65,6,2024-01-13
product_1,414.65,4,2024-01-22
product_20,401.65,8,2024-04-25
product_34,152.54,8,2024-03-22
product_43,474.2,3,2024-03-31
product_45,82.68,1,2024-03-17
product_7,250.56,10,2024-01-02
product_20,46.03,4,2024-02-03
product_26,392.8,7,2024-02-22
product_40,208.86,6,2024-05-18
product_26,130.49,4,2024-04-28
product_29,406.24,4,2024-03-26
product_21,183.34,6,2024-06-23
product_1,199.23,8,2024-01-17
product_28,387.75,5,2024-04-17
product_50,404.6,3,2024-03-03
product_28,90.93,3,2024-02-27
product_44,175.92,5,2024-06-19
product_17,82.86,5,2024-03-06
product_24,71.19,6,2024-06-29
product_18,367.13,2,2024-05-14
product_5,215.17,7,2024-03-07
product_35,259.7,5,2024-05-12
product_4,56.96,4,2024-03-14
product_30,463.5,9,2024-06-09
product_22,38.06,2,2024-02-04
product_34,371.14,7,2024-06-13
product_23,367.74,5,2024-01-10
product_22,81.33,3,2024-05-10
product_10,194.0,8,2024-01-15
product_1,421.5,1,2024-03-10
product_5,299.64,2,2024-01-18
product_20,174.93,9,2024-06-04
product_2,285.58,4,2024-04-11
product_9,28.8,5,2024-04-06
product_33,498.89,7,2024-01-12
product_31,313.42,9,2024-01-23
product_3,268.5,4,2024-01-17
product_7,428.28,4,2024-03-19
product_7,340.66,1,2024-03-21
product_36,236.72,10,2024-05-23
product_43,446.72,4,2024-02-15
product_36,99.85,8,2024-01-21
product_9,130.45,9,2024-01-02
product_19,298.63,10,2024-02-16
product_9,430.97,8,2024-02-25
product_33,64.57,6,2024-01-15
product_5,174.53,5,2024-03-02
product_7,447.54,5,2024-02-20
product_14,132.5,9,2024-06-20
product_43,50.14,2,2024-02-08
product_33,334.22,6,2024-03-18
product_8,495.24,4,2024-05-29
product_50,246.27,1,2024-04-27
product_35,68.03,10,2024-04-06
product_16,243.43,4,2024-01-17
product_48,273.16,10,2024-06-24
product_13,343.4,1,2024-05-20
product_42,170.84,9,2024-02-04
product_18,329.48,7,2024-02-10
product_8,60.2,1,2024-02-29
product_32,165.68,1,2024-03-25
product_50,72.88,6,2024-01-08
product_31,370.31,2,2024-02-24
product_42,426.63,5,2024-03-02
product_5,496.89,9,2024-05-17
product_1,460.19,6,2024-06-15
product_13,366.61,3,2024-03-07
product_44,38.55,8,2024-05-01
product_8,74.06,5,2024-05-11
product_44,206.03,5,2024-03-25
product_50,72.09,3,2024-02-24
product_20,388.71,4,2024-03-31
product_45,271.48,6,2024-06-15
product_43,350.54,6,2024-02-24
product_38,474.26,8,2024-04-03
product_20,434.96,5,2024-04-15
product_22,386.24,8,2024-05-02
product_47,396.31,4,2024-04-28
product_21,226.17,2,2024-06-06
product_14,86.16,3,2024-05-09
product_20,495.79,3,2024-01-20
product_7,33.44,2,2024-01-30
product_2,342.59,9,2024-04-10
product_27,393.46,10,2024-06-02
product_45,356.59,4,2024-06-17
product_37,111.99,8,2024-02-21
product_32,421.96,7,2024-06-17
product_35,26.55,2,2024-01-04
product_20,12.49,7,2024-01-19
product_39,277.06,8,2024-03-28
product_30,262.96,5,2024-04-20
product_50,313.9,3,2024-01-19
product_10,23.07,9,2024-04-24
product_18,423.94,1,2024-04-01
product_26,142.44,10,2024-05-01
product_46,463.35,4,2024-05-12
product_19,40.81,10,2024-04-03
product_6,245.11,7,2024-05-11
product_19,265.53,10,2024-01-31
product_28,28.36,10,2024-01-02
product_32,138.07,2,2024-01-02
product_6,427.63,7,2024-05-04
product_36,148.68,5,2024-01-13
product_4,326.24,9,2024-04-18
product_11,388.82,2,2024-02-27
product_28,174.69,8,2024-04-22
product_10,318.26,7,2024-04-16
product_12,239.05,8,2024-03-29
product_42,493.33,9,2024-04-22
product_8,353.3,6,2024-01-21
product_11,46.13,9,2024-03-16
product_4,27.67,9,2024-03-22
product_28,86.67,3,2024-03-01
product_25,219.87,6,2024-03-20
product_39,245.81,5,2024-06-23
product_38,156.6,10,2024-05-21
product_50,227.31,10,2024-04-06
product_6,345.3,2,2024-05-22
product_10,162.31,9,2024-06-04
product_28,67.23,8,2024-04-06
product_47,252.36,5,2024-03-25
product_47,83.99,5,2024-05-13
product_49,125.14,4,2024-02-10
product_14,297.23,3,2024-03-13
product_46,302.94,6,2024-03-24
product_26,250.21,5,2024-01-03
product_39,138.43,5,2024-03-22
product_34,128.48,3,2024-05-15
product_45,474.39,4,2024-06-27
product_8,215.91,8,2024-01-14
product_21,476.15,5,2024-04-02
product_49,471.02,10,2024-01-02
product_50,385.61,7,2024-01-15
product_31,149.59,10,2024-04-10
product_9,99.49,3,2024-02-04
product_45,356.42,3,2024-03-29
product_12,463.17,9,2024-01-20
product_36,425.43,8,2024-03-29
product_24,320.47,9,2024-05-17
product_25,337.49,2,2024-02-04
product_45,460.95,6,2024-03-01
product_5,282.75,4,2024-02-28
product_43,471.4,8,2024-05-25
product_38,219.57,9,2024-06-26
product_40,149.57,9,2024-01-22
product_30,167.77,1,2024-06-08
product_44,177.92,5,2024-06-27
product_25,181.44,1,2024-06-03
product_24,317.85,5,2024-03-26
product_26,319.79,4,2024-05-01
product_39,113.19,2,2024-03-07
product_22,223.66,2,2024-04-01
product_6,239.41,3,2024-01-14
product_49,134.67,3,2024-03-26
product_2,156.08,9,2024-05-24
product_36,300.72,5,2024-04-22
product_36,449.84,3,2024-02-20
product_1,409.75,2,2024-05-03
product_21,494.43,5,2024-01-25
product_6,120.33,4,2024-05-05
product_19,57.25,9,2024-02-11
product_36,183.46,2,2024-01-31
product_16,413.8,5,2024-02-04
product_39,195.08,1,2024-05-25
product_28,46.27,4,2024-02-28
product_16,200.73,2,2024-01-29
product_6,344.94,9,2024-05-19
product_25,61.4,3,2024-04-17
product_50,279.47,7,2024-05-03
product_31,193.23,3,2024-02-16
product_35,350.71,1,2024-05-01
product_50,50.16,8,2024-04-18
product_7,433.2,2,2024-03-17
product_24,355.82,6,2024-04-14
product_6,423.66,10,2024-06-07
product_35,29.93,6,2024-04-21
product_25,356.97,1,2024-06-19
product_25,131.47,4,2024-06-12
product_44,40.28,7,2024-01-15
product_16,165.38,9,2024-03-04
product_44,211.67,1,2024-04-05
product_10,356.27,2,2024-03-31
product_3,108.2,5,2024-02-22
product_25,29.66,1,2024-03-26
product_46,290.57,1,2024-06-04
product_22,327.33,1,2024-06-14
product_39,89.62,4,2024-02-24
product_14,161.84,6,2024-01-02
product_23,380.87,8,2024-05-11
product_7,146.39,2,2024-04-25
product_19,197.69,2,2024-05-14
product_39,116.43,7,2024-06-28
product_33,205.55,2,2024-03-30
product_23,387.86,5,2024-03-24
product_20,399.46,8,2024-06-14
product_14,182.39,3,2024-04-19
product_29,357.65,5,2024-05-27
product_48,485.54,4,2024-01-19
product_41,112.83,9,2024-03-22
product_4,200.41,5,2024-01-29
product_20,334.04,3,2024-03-25
product_24,386.64,3,2024-01-02
product_33,421.47,1,2024-01-27
product_43,450.28,8,2024-01-08
product_29,69.92,4,2024-03-21
product_27,222.52,7,2024-01-26
product_34,265.51,6,2024-04-06
product_7,326.14,7,2024-05-15
product_24,162.5,10,2024-04-14
product_36,247.41,4,2024-06-19
product_3,93.52,7,2024-03-07
product_2,253.96,1,2024-03-23
product_30,485.65,10,2024-03-19
product_9,388.34,1,2024-02-03
product_13,423.69,8,2024-05-18
product_43,73.51,7,2024-03-29
product_18,346.76,8,2024-05-22
product_44,495.4,9,2024-05-25
product_8,389.62,2,2024-05-01
product_14,91.76,3,2024-04-22
product_47,187.27,4,2024-06-15
product_45,263.42,2,2024-02-09
product_23,371.67,1,2024-03-01
product_6,136.6,10,2024-06-06
product_3,79.95,8,2024-02-10
product_17,269.35,8,2024-04-07
product_27,457.7,10,2024-05-03
product_20,391.46,1,2024-05-09
product_43,73.12,3,2024-04-11
product_5,93.45,2,2024-05-21
product_9,381.15,4,2024-03-17
product_38,472.37,4,2024-03-22
product_5,218.8,1,2024-05-08
product_15,198.09,7,2024-04-03
product_47,305.41,8,2024-01-02
product_6,481.65,2,2024-05-31
product_37,239.5,2,2024-06-08
product_16,372.98,10,2024-02-06
product_35,479.26,2,2024-03-02
product_24,345.88,5,2024-06-18
product_6,178.34,2,2024-03-03
product_24,286.34,2,2024-04-11
product_15,477.89,4,2024-06-24
product_29,425.25,6,2024-04-13
product_20,244.75,6,2024-02-19
product_35,465.55,5,2024-06-05
product_41,468.0,7,2024-01-22
product_48,343.57,5,2024-02-29
product_24,223.44,5,2024-01-16
product_34,278.98,8,2024-02-14
product_26,452.77,5,2024-04-07
product_40,381.43,5,2024-04-25
product_48,448.23,6,2024-02-13
product_14,52.88,1,2024-02-26
product_41,98.09,7,2024-01-30
product_8,122.86,3,2024-05-24
product_4,448.99,1,2024-01-24
product_9,118.44,4,2024-03-29
product_24,103.08,2,2024-05-23
product_25,261.63,8,2024-06-03
product_44,14.27,1,2024-02-24
product_29,61.6,10,2024-05-07
product_3,192.36,9,2024-06-01
product_25,329.11,10,2024-02-11
product_11,311.11,9,2024-03-23
product_22,105.23,8,2024-05-06
product_24,458.6,9,2024-05-03
product_45,480.81,10,2024-03-11
product_4,84.8,8,2024-01-22
product_43,60.4,4,2024-06-04
product_35,380.48,4,2024-02-24
product_12,251.39,2,2024-03-21
product_21,400.05,6,2024-02-07
product_47,283.5,10,2024-04-03
product_16,124.37,8,2024-02-24
product_20,289.18,7,2024-05-09
product_48,299.67,3,2024-04-30
product_26,357.21,9,2024-03-12
product_16,251.09,7,2024-04-20
product_35,455.81,10,2024-02-24
product_27,71.61,2,2024-05-13
product_39,498.38,7,2024-03-17
product_12,313.43,7,2024-04-08
product_30,266.44,9,2024-05-17
product_3,123.99,9,2024-01-27
product_3,210.38,10,2024-03-10
product_15,252.95,6,2024-05-15
product_49,306.92,3,2024-01-12
product_45,202.03,8,2024-06-06
product_11,249.21,10,2024-03-17
product_43,462.61,6,2024-02-17
product_7,59.0,2,2024-06-26
product_9,210.45,10,2024-04-02
product_29,169.04,4,2024-05-15
product_41,406.92,7,2024-06-20
product_10,286.2,3,2024-02-12
product_18,352.23,4,2024-03-10
product_30,112.72,8,2024-02-18
product_37,413.45,6,2024-05-25
product_33,93.64,7,2024-02-11
product_32,293.02,4,2024-03-14
product_22,412.34,1,2024-02-08
product_22,162.74,4,2024-05-16
product_20,123.13,9,2024-06-15
product_46,273.7,4,2024-04-15
product_16,198.74,9,2024-05-07
product_38,313.43,2,2024-03-29
product_17,268.36,1,2024-01-08
product_15,234.65,2,2024-05-08
product_48,114.9,7,2024-02-25
product_32,459.86,6,2024-05-16
product_13,316.61,6,2024-03-17
product_16,260.03,9,2024-02-25
product_35,183.64,10,2024-04-03
product_3,487.6,5,2024-02-13
product_16,293.52,7,2024-05-30
product_34,200.1,4,2024-05-12
product_40,78.24,5,2024-05-25
product_45,22.89,4,2024-03-08
product_27,328.37,6,2024-05-01
product_43,227.15,9,2024-05-03
product_17,466.98,10,2024-01-05
product_35,419.26,1,2024-03-07
product_18,241.64,6,2024-01-03
product_32,256.44,8,2024-03-04
product_47,499.82,2,2024-06-16
product_18,323.49,10,2024-04-17
product_34,152.97,9,2024-03-02
product_48,150.08,6,2024-04-08
product_46,224.77,4,2024-01-16
product_2,468.46,2,2024-04-28
product_37,46.74,7,2024-04-29
product_17,258.31,5,2024-05-01
product_9,99.65,1,2024-03-22
product_50,250.21,3,2024-05-14
product_33,274.2,9,2024-06-19
product_38,381.59,10,2024-05-29
product_20,83.15,9,2024-01-08
product_21,320.63,4,2024-05-26
product_23,233.35,2,2024-06-08
product_33,107.36,3,2024-05-13
product_27,304.16,8,2024-06-14
product_44,25.63,9,2024-04-17
product_34,243.81,5,2024-02-09
product_43,54.97,5,2024-05-04
product_31,150.62,8,2024-05-16
product_37,378.35,8,2024-02-08
product_9,466.62,7,2024-03-25
product_41,393.44,7,2024-06-14
product_2,61.25,2,2024-03-23
product_30,405.23,10,2024-01-17
product_41,337.1,3,2024-03-25
product_3,343.33,9,2024-06-03
product_31,278.65,2,2024-03-27
product_49,88.22,7,2024-04-24
product_9,154.48,4,2024-03-12
product_26,204.61,10,2024-03-01
product_4,250.24,7,2024-03-12
product_22,34.99,9,2024-02-24
product_34,436.63,10,2024-06-26
product_38,365.14,1,2024-06-05
product_23,222.66,9,2024-04-27
product_2,165.07,5,2024-04-04
product_46,302.96,8,2024-04-08
product_9,138.18,3,2024-01-02
product_40,236.93,6,2024-06-09
product_19,425.46,4,2024-01-01
product_33,465.15,2,2024-05-19
product_1,241.67,10,2024-01-20
product_30,89.43,2,2024-05-07
product_5,53.79,2,2024-06-18
product_38,120.82,1,2024-05-13
product_14,294.93,5,2024-05-14
product_47,428.81,8,2024-06-25
product_3,88.29,1,2024-06-17
product_50,29.36,10,2024-06-18
product_39,351.84,3,2024-03-18
product_27,494.28,1,2024-03-23
product_32,383.98,5,2024-01-27
product_40,214.88,5,2024-05-29
product_45,286.42,10,2024-03-21
product_32,152.0,10,2024-03-27
product_6,91.91,1,2024-04-05
product_34,104.76,8,2024-02-21
product_11,29.12,7,2024-05-25
product_35,296.96,1,2024-03-09
product_13,209.72,2,2024-03-18
product_22,427.86,5,2024-03-18
product_49,199.14,6,2024-01-01
product_30,130.34,2,2024-01-26
product_43,75.62,8,2024-06-04
product_16,472.71,9,2024-05-04
product_34,390.62,8,2024-02-22
product_26,271.83,1,2024-01-18
product_44,442.3,1,2024-04-02
product_1,259.97,8,2024-01-08
product_20,208.99,4,2024-04-10
product_6,351.91,2,2024-06-06
product_8,413.03,2,2024-04-16
product_27,448.45,1,2024-01-09
product_18,313.42,6,2024-02-02
product_20,256.6,7,2024-01-05
product_2,308.53,7,2024-06-01
product_27,443.35,2,2024-03-06
product_38,48.44,8,2024-05-16
product_48,254.75,7,2024-06-14
product_26,448.43,2,2024-03-24
product_40,369.38,1,2024-03-23
product_2,412.33,10,2024-05-05
product_38,217.94,10,2024-04-06
product_15,377.58,3,2024-02-24
product_23,90.38,10,2024-06-12
product_13,217.06,8,2024-02-12
product_50,350.94,7,2024-04-21
product_20,322.32,3,2024-03-24
product_30,475.11,8,2024-06-05
product_26,356.22,8,2024-02-09
product_23,121.11,1,2024-04-13
product_28,50.68,6,2024-03-26
product_20,355.8,7,2024-02-04
product_23,473.6,1,2024-04-15
product_47,120.51,7,2024-02-19
product_8,150.19,10,2024-05-27
product_25,63.73,5,2024-03-23
product_27,170.92,8,2024-02-13
product_9,364.62,4,2024-03-03
product_42,20.18,1,2024-05-06
product_10,258.8,8,2024-05-30
product_25,147.42,8,2024-06-26
product_1,471.29,4,2024-01-16
product_40,192.21,8,2024-06-23
product_2,152.54,9,2024-02-26
product_25,292.38,3,2024-04-01
product_3,236.4,6,2024-03-12
product_15,65.48,9,2024-02-04
product_19,193.49,3,2024-03-21
product_10,330.89,4,2024-03-02
product_15,359.46,4,2024-05-14
product_36,235.13,6,2024-03-31
product_43,420.87,3,2024-03-04
product_14,280.58,8,2024-03-14
product_22,152.39,1,2024-06-25
product_45,310.59,2,2024-04-02
product_47,127.79,2,2024-01-03
product_24,154.69,3,2024-01-30
product_8,40.67,2,2024-01-13
product_5,230.56,1,2024-01-03
product_30,316.65,3,2024-01-15
product_34,296.93,2,2024-02-21
product_30,199.76,4,2024-05-31
product_10,310.96,7,2024-06-10
product_15,199.35,7,2024-02-22
product_10,448.5,2,2024-05-18
product_45,403.47,1,2024-05-27
product_49,315.4,4,2024-01-02
product_12,311.36,7,2024-05-14
product_4,348.48,6,2024-06-25
product_41,114.26,1,2024-05-14
product_11,103.53,7,2024-01-04
product_5,306.22,6,2024-03-19
product_9,116.61,4,2024-03-09
product_11,375.66,7,2024-03-19
product_3,129.02,2,2024-04-05
product_15,451.61,4,2024-02-15
product_39,267.9,7,2024-05-29
product_27,123.31,9,2024-02-19
product_35,258.77,1,2024-02-19
product_48,60.26,8,2024-03-21
product_6,399.37,1,2024-05-15
product_37,371.73,4,2024-06-14
product_38,409.09,8,2024-04-18
product_8,114.94,5,2024-01-05
product_43,266.79,6,2024-03-06
product_42,50.88,7,2024-06-06
product_23,475.8,9,2024-03-12
product_25,339.66,2,2024-05-14
product_38,416.34,4,2024-03-26
product_40,181.77,7,2024-01-15
product_4,341.84,8,2024-02-14
product_3,201.69,1,2024-04-04
product_13,383.32,9,2024-03-25
product_45,185.17,10,2024-02-13
product_14,29.98,8,2024-06-21
product_25,143.29,1,2024-03-02
product_5,327.08,3,2024-06-09
product_44,401.03,7,2024-03-07
product_3,348.77,6,2024-03-03
product_45,93.81,9,2024-04-29
product_8,354.87,7,2024-05-24
product_5,169.97,2,2024-03-15
product_2,379.34,4,2024-02-28
product_19,198.92,9,2024-04-16
product_5,31.83,5,2024-06-18
product_12,274.06,8,2024-06-21
product_34,416.24,6,2024-04-13
product_45,301.65,7,2024-01-01
product_43,416.42,5,2024-05-01
product_12,50.64,9,2024-02-20
product_20,340.69,3,2024-04-21
product_41,53.17,7,2024-04-22
product_2,197.82,6,2024-03-23
product_8,462.44,6,2024-03-30
product_29,274.14,9,2024-02-18
product_31,348.28,9,2024-04-08
product_12,33.45,5,2024-05-15
product_33,55.4,2,2024-04-30
product_23,483.41,2,2024-03-13
product_7,196.33,5,2024-06-01
product_50,117.56,2,2024-06-10
product_27,353.2,7,2024-04-27
product_23,24.34,5,2024-05-29
product_46,417.2,1,2024-06-22
product_24,295.02,10,2024-02-05
product_48,443.73,1,2024-03-19
product_21,432.69,7,2024-01-12
product_28,145.14,9,2024-06-25
product_12,159.18,1,2024-02-20
product_40,206.37,2,2024-04-21
product_10,75.63,8,2024-04-29
product_31,281.83,3,2024-06-13
product_5,100.17,6,2024-04-10
product_25,438.2,8,2024-03-05
product_12,183.66,1,2024-06-12
product_7,98.87,9,2024-03-12
product_35,167.52,1,2024-04-27
product_32,361.68,1,2024-06-24
product_15,257.26,2,2024-06-13
product_32,333.41,7,2024-04-27
product_15,154.88,2,2024-01-14
product_15,49.92,3,2024-06-27
product_17,373.38,9,2024-03-26
product_10,116.25,7,2024-01-23
product_23,486.61,9,2024-01-08
product_16,84.0,4,2024-01-18
product_48,239.09,7,2024-02-29
product_11,104.78,8,2024-06-24
product_49,305.51,3,2024-06-19
product_48,38.73,9,2024-06-07
product_48,118.92,4,2024-06-29
product_33,330.03,7,2024-01-28
product_7,201.84,9,2024-03-20
product_29,58.09,4,2024-03-16
product_6,280.8,3,2024-06-16
product_20,373.82,10,2024-03-22
product_39,313.05,3,2024-04-20
product_36,92.22,7,2024-03-30
product_30,499.57,8,2024-02-23
product_34,265.55,9,2024-02-14
product_19,243.24,9,2024-04-01
product_19,154.47,4,2024-03-18
product_39,194.78,8,2024-04-15
product_17,96.99,8,2024-06-02
product_39,407.7,9,2024-01-05
product_48,342.68,6,2024-05-22
product_20,156.55,5,2024-01-05
product_30,275.74,7,2024-03-01
product_34,481.82,4,2024-06-29
product_12,405.6,8,2024-01-15
product_45,390.06,7,2024-02-18
product_1,156.5,5,2024-04-19
product_8,102.47,6,2024-02-27
product_10,215.76,6,2024-03-16
product_47,200.17,9,2024-05-08
product_23,116.26,9,2024-05-07
product_28,497.57,9,2024-03-24
product_16,131.09,5,2024-03-01
product_18,464.16,10,2024-02-29
product_41,329.18,10,2024-03-21
product_3,435.05,5,2024-05-11
product_35,25.63,10,2024-03-08
product_24,493.89,2,2024-06-16
product_6,158.88,3,2024-01-22
product_40,216.04,7,2024-04-03
product_45,86.34,7,2024-03-23
product_2,171.59,8,2024-02-02
product_32,191.81,7,2024-06-12
product_16,442.52,7,2024-03-19
product_35,42.6,9,2024-02-24
product_36,247.86,5,2024-06-16
product_35,468.06,3,2024-03-02
product_32,28.98,4,2024-06-06
product_49,358.57,7,2024-01-21
product_43,360.26,8,2024-03-18
product_42,15.64,2,2024-03-12
product_37,413.23,1,2024-03-07
product_41,493.49,8,2024-04-27
product_10,482.88,4,2024-05-05
product_16,411.31,7,2024-02-07
product_49,348.19,3,2024-05-24
product_45,379.52,3,2024-05-06
product_23,18.32,10,2024-04-19
product_24,75.15,9,2024-06-17
product_1,369.53,9,2024-01-30
product_4,93.24,6,2024-06-06
product_21,226.06,3,2024-05-03
product_5,194.95,3,2024-02-25
product_4,46.35,1,2024-02-17
product_13,391.18,9,2024-02-03
product_48,416.15,10,2024-04-21
product_46,317.39,9,2024-04-12
product_35,134.86,1,2024-01-08
product_44,369.26,3,2024-02-16
product_20,213.08,8,2024-02-05
product_40,276.57,10,2024-06-05
product_28,455.78,4,2024-01-13
product_25,80.45,5,2024-01-18
product_41,125.11,9,2024-02-19
product_31,29.79,2,2024-05-17
product_12,193.51,6,2024-04-24
product_16,398.05,8,2024-05-02
product_44,199.03,6,2024-03-26
product_12,52.51,1,2024-03-09
product_49,476.03,6,2024-03-22
product_23,12.95,3,2024-04-13
product_8,391.05,1,2024-03-22
product_46,22.8,5,2024-06-24
product_36,208.36,2,2024-05-01
product_3,72.76,5,2024-01-18
product_20,398.86,6,2024-06-28
product_46,294.49,6,2024-01-04
product_35,314.77,1,2024-02-07
product_49,462.87,2,2024-03-26
product_17,73.47,6,2024-02-14
product_17,368.4,6,2024-05-26
product_15,195.05,1,2024-04-22
product_37,149.45,6,2024-03-12
product_45,113.61,10,2024-06-09
product_14,78.78,6,2024-04-04
product_13,200.89,1,2024-05-30
product_50,13.83,2,2024-04-27
product_45,73.26,5,2024-02-20
product_49,420.53,3,2024-02-07
product_17,75.08,8,2024-04-27
product_29,229.67,3,2024-02-27
product_1,240.47,2,2024-01-08
product_7,332.06,2,2024-03-15
product_42,474.11,3,2024-06-20
product_3,35.83,9,2024-05-13
product_26,422.77,7,2024-01-15
product_44,230.66,8,2024-02-17
product_17,475.35,6,2024-01-16
product_4,131.02,6,2024-06-20
product_36,404.24,9,2024-03-01
product_20,124.51,4,2024-02-20
product_40,379.69,3,2024-05-29
product_1,71.45,6,2024-04-01
product_7,359.1,1,2024-02-13
product_16,318.54,10,2024-02-29
product_23,105.36,4,2024-02-06
product_10,134.35,10,2024-06-16
product_21,22.58,5,2024-03-04
product_42,488.78,2,2024-05-11
product_20,106.31,3,2024-01-27
product_23,137.48,6,2024-02-24
product_39,407.5,10,2024-04-17
product_18,415.3,5,2024-02-06
product_34,151.43,6,2024-04-08
product_44,228.5,5,2024-01-18
product_37,366.44,6,2024-06-21
product_16,375.89,4,2024-02-10
product_2,325.96,8,2024-06-08
product_6,439.2,7,2024-03-15
product_24,389.53,1,2024-06-04
product_7,393.19,9,2024-02-25
product_16,399.91,5,2024-06-24
product_6,417.8,7,2024-02-08
product_39,294.54,10,2024-05-05
product_43,397.18,5,2024-02-10
product_37,330.35,6,2024-05-04
product_45,480.67,9,2024-01-01
product_20,412.07,4,2024-01-07
product_15,302.41,3,2024-05-11
product_3,153.91,8,2024-06-13
product_14,392.87,3,2024-04-28
product_14,412.72,8,2024-02-21
product_43,28.61,3,2024-04-30
product_29,234.92,9,2024-06-18
product_30,445.52,5,2024-03-03
product_18,75.44,5,2024-02-16
product_39,202.66,3,2024-03-19
product_30,60.62,10,2024-05-28
product_36,227.28,4,2024-03-20
product_30,52.49,2,2024-04-29
product_35,486.57,1,2024-05-26
product_11,177.13,4,2024-02-23
product_48,428.07,8,2024-06-25
product_21,363.46,2,2024-01-01
product_27,179.31,1,2024-05-26
product_7,299.31,4,2024-04-25
product_33,150.59,3,2024-01-31
product_21,418.2,9,2024-04-16
product_30,374.72,2,2024-06-24
product_2,339.83,3,2024-06-04
product_18,490.03,6,2024-06-28
product_41,249.1,9,2024-06-23
product_35,158.51,10,2024-02-19
product_13,407.84,5,2024-01-16
product_47,81.29,6,2024-04-17
product_35,308.8,8,2024-05-30
product_33,141.35,5,2024-02-15
product_24,33.46,9,2024-04-26
product_13,57.2,1,2024-02-09
product_25,121.65,6,2024-01-05
product_6,107.75,6,2024-06-12
product_29,384.48,7,2024-02-02
product_43,44.37,5,2024-02-02
product_44,169.75,5,2024-04-23
product_39,68.2,3,2024-02-06
product_14,435.47,8,2024-04-07
product_30,396.86,2,2024-02-05
product_17,199.86,9,2024-02-18
product_4,116.8,7,2024-01-04
product_3,209.41,2,2024-03-02
product_43,68.76,2,2024-02-27
product_17,272.15,2,2024-06-17
product_43,377.57,4,2024-04-24
product_5,329.85,8,2024-03-28
product_14,314.35,7,2024-02-19
product_35,320.63,5,2024-01-17
product_12,307.43,4,2024-01-08
product_21,105.04,8,2024-02-15
product_20,170.69,10,2024-06-07
product_15,333.24,2,2024-01-30
product_23,89.0,1,2024-05-24
product_9,177.42,8,2024-05-16
product_47,242.82,10,2024-06-15
product_42,91.91,9,2024-06-25
product_38,99.93,10,2024-05-03
product_5,76.04,4,2024-01-19
product_46,309.63,8,2024-06-07
product_26,48.21,1,2024-03-30
product_45,118.27,7,2024-06-18
product_47,489.55,5,2024-03-11
product_1,41.82,3,2024-05-25
product_24,230.34,1,2024-06-18
product_32,454.96,1,2024-03-20
product_2,34.65,6,2024-01-07
product_40,278.78,1,2024-02-07
product_38,159.61,1,2024-01-31
product_6,152.95,8,2024-06-27
product_18,184.34,4,2024-04-17
product_13,446.77,1,2024-01-19
product_39,54.65,3,2024-03-04
product_10,197.12,7,2024-05-07
product_7,416.82,1,2024-03-21
product_34,25.39,2,2024-05-21
product_45,15.26,5,2024-05-10
product_9,70.44,10,2024-05-14
product_20,27.05,5,2024-06-21
product_36,317.89,10,2024-05-27
product_45,235.11,1,2024-06-02
product_14,325.31,10,2024-02-10
product_32,293.67,4,2024-05-27
product_43,401.67,2,2024-06-17
product_50,184.61,9,2024-01-24
product_18,270.01,10,2024-04-23
product_39,113.93,2,2024-05-17
product_39,478.8,1,2024-02-12
product_34,337.41,2,2024-01-29
product_24,205.17,3,2024-01-28
product_33,442.47,5,2024-06-06
product_3,291.4,3,2024-06-16
product_37,425.57,1,2024-05-17
product_40,370.26,10,2024-03-09
product_30,25.13,6,2024-06-12
product_18,421.56,1,2024-01-21
product_14,288.28,5,2024-02-09
product_6,40.15,1,2024-05-26
product_26,19.65,8,2024-02-04
product_7,111.25,7,2024-04-15
product_41,20.23,7,2024-04-25
product_25,446.01,6,2024-03-19
product_22,457.63,6,2024-06-05
product_30,438.88,1,2024-01-24
product_33,109.29,9,2024-01-11
product_24,139.18,7,2024-05-14
product_31,162.92,4,2024-05-09
product_2,277.02,6,2024-02-08
product_22,284.84,2,2024-04-24
product_23,172.87,10,2024-01-20
product_10,483.67,4,2024-03-02
product_17,233.77,1,2024-04-10
product_50,226.45,10,2024-03-23
product_34,457.27,2,2024-06-26
product_7,119.49,2,2024-05-09
product_32,228.09,2,2024-04-16
product_31,307.36,8,2024-01-31
product_36,138.54,2,2024-06-10
product_33,16.06,2,2024-05-27
product_50,376.62,1,2024-01-12
product_46,467.77,5,2024-01-28
product_28,373.0,6,2024-01-11
product_47,337.88,4,2024-06-17
product_28,377.55,5,2024-05-28
product_38,28.01,3,2024-02-14
product_10,167.51,6,2024-05-03
product_18,245.09,9,2024-06-05
product_32,236.63,7,2024-05-19
product_27,308.96,6,2024-02-23
product_25,190.61,5,2024-04-16
product_15,312.0,4,2024-05-17
product_29,145.17,10,2024-03-16
product_26,331.64,1,2024-06-12
product_22,420.51,2,2024-04-10
product_3,364.94,7,2024-04-25
product_32,343.6,4,2024-05-25
product_24,292.29,7,2024-05-14
product_19,241.43,6,2024-06-12
product_46,119.42,10,2024-02-20
product_25,234.59,10,2024-05-05
product_28,103.43,8,2024-01-16
product_37,226.41,2,2024-02-06
product_36,476.15,10,2024-05-16
product_19,368.02,2,2024-06-23
product_1,272.08,3,2024-06-09
product_37,426.35,1,2024-04-23
product_3,184.88,5,2024-05-22
product_3,389.76,4,2024-03-21
product_10,319.92,5,2024-01-14
product_6,461.34,10,2024-02-27
product_18,403.07,7,2024-03-25
product_43,113.37,1,2024-01-17
product_47,100.22,6,2024-01-31
product_16,260.34,10,2024-04-10
product_15,246.93,9,2024-01-11
product_8,37.05,2,2024-05-31
product_4,226.41,9,2024-02-22
product_28,220.07,6,2024-03-24
product_4,90.47,2,2024-01-13
product_10,333.86,8,2024-06-05
product_5,322.92,9,2024-02-24
product_3,417.13,7,2024-03-24
product_29,91.53,8,2024-03-22
product_39,256.99,5,2024-06-02
product_17,185.38,4,2024-06-18
product_46,111.83,5,2024-06-26
product_5,294.09,8,2024-03-10
product_30,173.91,4,2024-03-15
product_14,206.47,9,2024-05-11
product_27,163.89,10,2024-03-25
product_21,88.58,7,2024-03-07
product_36,263.86,2,2024-03-18
product_23,448.26,4,2024-05-31
product_6,164.52,4,2024-04-08
product_8,19.65,6,2024-05-02
product_16,250.22,6,2024-03-22
product_29,122.16,4,2024-01-29
product_40,308.86,10,2024-01-01
product_7,31.56,3,2024-03-02
product_41,184.71,1,2024-06-18
product_27,77.38,3,2024-01-07
product_42,231.76,9,2024-01-15
product_29,12.35,7,2024-02-03
product_14,436.38,5,2024-01-20
product_23,14.16,8,2024-02-28
product_34,331.21,6,2024-02-12
product_29,242.17,9,2024-04-25
product_23,245.53,9,2024-06-07
product_6,450.65,6,2024-02-27
product_26,431.15,9,2024-03-30
product_3,278.75,5,2024-05-07
product_11,190.02,1,2024-06-25
product_17,160.16,7,2024-02-29
product_7,119.44,1,2024-01-07
product_35,468.86,3,2024-01-18
product_42,376.52,9,2024-01-19
product_11,271.87,7,2024-03-12
product_21,342.83,10,2024-04-07
product_42,70.25,1,2024-02-24
product_36,87.31,7,2024-05-19
product_27,273.38,4,2024-01-07
product_26,407.38,5,2024-01-25
product_34,274.94,2,2024-06-24
product_24,84.69,7,2024-03-28
product_39,435.53,4,2024-01-08
product_43,51.68,3,2024-05-20
product_30,72.53,4,2024-01-01
product_7,17.77,2,2024-04-28
product_43,44.39,3,2024-01-02
product_11,212.85,8,2024-02-29
product_13,377.31,6,2024-01-31
product_10,296.81,3,2024-04-29
product_5,298.74,6,2024-05-26
product_37,360.58,7,2024-02-20
product_6,294.62,2,2024-03-10
product_32,388.04,2,2024-03-26
product_2,475.65,5,2024-03-05
product_6,229.81,1,2024-05-04
product_40,18.12,2,2024-05-16
product_32,69.45,6,2024-04-21
product_10,150.29,8,2024-02-25
product_44,316.63,8,2024-03-15
product_37,344.64,2,2024-02-28
product_40,489.43,4,2024-02-12
product_29,60.6,8,2024-01-03
product_8,114.25,1,2024-01-31
product_19,297.99,6,2024-06-26
product_4,444.21,3,2024-01-22
product_30,368.84,10,2024-01-06
product_3,230.16,10,2024-01-21
product_1,335.19,5,2024-01-04
product_47,65.26,5,2024-06-10
product_8,282.68,9,2024-01-14
product_35,168.33,4,2024-04-17
product_6,175.58,6,2024-04-08
product_19,409.23,8,2024-06-14
product_7,482.71,10,2024-01-09
product_42,434.91,1,2024-01-07
product_47,108.7,9,2024-06-06
product_19,206.56,5,2024-04-29
product_22,370.22,4,2024-02-07
product_35,155.89,9,2024-03-19
product_31,393.87,9,2024-01-14
product_8,452.61,10,2024-03-02
product_12,499.19,1,2024-04-16
product_12,398.9,9,2024-01-07
product_17,289.99,9,2024-01-21
product_38,463.84,2,2024-03-28
product_17,180.28,2,2024-03-21
product_46,317.48,6,2024-05-23
product_4,429.24,10,2024-06-25
product_49,461.64,10,2024-05-14
product_50,171.82,1,2024-03-28
product_15,192.04,5,2024-02-12
product_20,125.86,5,2024-04-16
product_44,323.57,3,2024-01-25
product_4,27.21,4,2024-02-19
product_25,105.36,7,2024-01-13
product_14,464.48,6,2024-02-14
product_14,211.81,3,2024-04-27
product_18,408.3,5,2024-04-24
product_31,405.49,1,2024-04-01
product_25,462.85,1,2024-06-14
product_28,422.52,9,2024-06-20
product_10,203.96,7,2024-05-12
product_14,182.2,4,2024-06-26
product_19,481.54,10,2024-05-22
product_12,436.8,3,2024-05-29
product_28,439.14,6,2024-04-19
product_3,342.34,6,2024-04-28
product_14,419.54,10,2024-03-22
product_13,229.51,5,2024-04-04
product_49,358.56,6,2024-05-15
product_3,136.47,2,2024-04-07
product_44,267.84,2,2024-04-04
product_11,205.95,2,2024-05-19
product_39,200.46,4,2024-05-14
product_18,23.43,3,2024-01-17
product_35,214.74,2,2024-03-10
product_32,91.4,9,2024-06-24
product_2,77.77,1,2024-03-23
product_39,280.99,1,2024-05-02
product_42,259.46,3,2024-04-15
product_31,429.1,7,2024-05-08
product_5,166.42,2,2024-01-12
product_38,146.9,2,2024-02-21
product_27,336.16,8,2024-06-19
product_13,352.89,4,2024-04-16
product_49,195.97,4,2024-06-06
product_27,124.51,1,2024-01-22
product_15,461.51,3,2024-03-06
product_5,407.43,10,2024-03-18
product_33,326.87,8,2024-04-21
product_18,38.44,2,2024-05-02
product_21,456.9,5,2024-03-06
product_18,366.85,2,2024-06-11
product_20,304.38,10,2024-04-13
product_37,274.27,6,2024-03-20
product_30,304.73,1,2024-04-11
product_34,225.25,1,2024-05-25
product_5,412.79,1,2024-05-03
product_30,387.03,9,2024-03-11
product_23,95.32,5,2024-01-21
product_26,408.93,6,2024-01-27
product_5,226.15,9,2024-01-14
product_49,482.55,10,2024-03-15
product_34,140.15,8,2024-06-21
product_5,143.18,1,2024-03-09
product_18,467.06,9,2024-05-10
product_40,276.0,6,2024-04-17
product_6,150.03,5,2024-01-07
product_42,19.96,3,2024-04-14
product_16,376.6,2,2024-01-10
product_12,430.54,2,2024-03-29
product_36,142.73,5,2024-05-25
product_40,134.85,8,2024-04-20
product_7,243.51,8,2024-01-03
product_44,99.43,4,2024-04-13
product_13,396.23,7,2024-01-04
product_39,491.41,4,2024-05-25
product_12,128.87,2,2024-05-22
product_44,301.81,4,2024-01-16
product_8,179.13,4,2024-01-02
product_9,324.78,1,2024-05-20
product_12,419.01,9,2024-04-21
product_38,303.47,5,2024-06-10
product_25,11.12,2,2024-02-03
product_9,337.83,2,2024-04-16
product_47,157.14,7,2024-05-07
product_38,239.5,7,2024-01-05
product_33,92.83,3,2024-05-24
product_44,34.3,2,2024-06-14
product_16,235.9,1,2024-03-11
product_33,390.74,2,2024-01-24
product_42,201.79,7,2024-06-24
product_13,274.67,9,2024-05-25
product_10,327.72,7,2024-03-30
product_13,144.36,10,2024-03-13
product_5,491.6,2,2024-03-18
product_48,287.53,9,2024-05-24
product_48,352.87,8,2024-04-22
product_42,169.47,3,2024-05-20
product_46,342.22,2,2024-03-19
product_48,141.4,3,2024-05-23
product_12,363.46,5,2024-02-18
product_45,129.78,5,2024-05-30
product_7,425.84,2,2024-01-27
product_42,385.49,7,2024-04-17
product_22,183.5,10,2024-03-10
product_46,292.46,6,2024-02-07
product_30,220.76,2,2024-03-29
product_1,333.64,7,2024-03-05
product_29,396.59,3,2024-04-24
product_50,487.49,6,2024-06-28
product_3,313.63,3,2024-01-23
product_7,42.83,7,2024-05-21
product_46,88.87,6,2024-04-17
product_9,379.26,7,2024-06-25
product_48,230.58,4,2024-03-21
product_9,114.62,4,2024-03-20
product_15,326.42,3,2024-02-03
product_41,351.62,4,2024-05-25
product_18,103.33,3,2024-02-06
product_9,461.94,9,2024-05-17
product_14,476.97,1,2024-04-19
product_26,71.77,1,2024-06-07
product_31,130.55,5,2024-03-25
product_50,72.62,9,2024-03-01
product_31,35.8,8,2024-01-16
product_19,342.56,6,2024-02-04
product_40,242.44,3,2024-01-29
product_8,122.34,3,2024-06-06
product_5,188.73,7,2024-05-18
product_27,261.27,2,2024-03-08
product_29,474.21,8,2024-05-19
product_23,125.9,4,2024-03-22
product_16,494.71,4,2024-02-09
product_35,235.45,4,2024-06-14
product_33,169.74,6,2024-03-07
product_35,449.12,2,2024-04-02
product_2,29.15,7,2024-04-08
product_15,179.44,2,2024-06-25
product_20,212.06,4,2024-05-10
product_18,94.05,6,2024-05-12
product_32,491.92,10,2024-01-10
product_2,99.68,7,2024-01-19
product_1,184.59,10,2024-04-15
product_13,256.7,10,2024-02-19
product_50,121.66,8,2024-01-30
product_24,164.05,8,2024-04-01
product_7,476.05,8,2024-05-05
product_19,136.05,8,2024-04-15
product_14,31.64,4,2024-03-29
product_10,315.72,3,2024-01-22
product_49,304.42,5,2024-04-04
product_46,173.57,1,2024-03-24
product_36,105.53,6,2024-03-17
product_26,464.2,7,2024-01-10
product_20,136.32,4,2024-05-24
product_17,429.78,6,2024-05-17
product_47,86.37,1,2024-03-12
product_37,379.79,9,2024-03-25
product_23,213.81,3,2024-01-30
product_17,461.62,9,2024-02-20
product_17,384.46,3,2024-01-04
product_6,191.9,1,2024-04-29
product_28,442.85,5,2024-06-19
product_41,54.88,3,2024-05-18
product_29,405.71,5,2024-05-10
product_46,255.54,2,2024-05-17
product_6,487.14,5,2024-02-12
product_50,422.3,1,2024-02-15
product_1,175.95,6,2024-02-19
product_43,121.42,4,2024-04-09
product_4,329.65,8,2024-06-24
product_26,226.22,3,2024-01-03
product_31,127.85,3,2024-05-31
product_36,184.55,8,2024-01-13
product_10,359.19,1,2024-05-28
product_27,413.42,7,2024-06-06
product_43,208.84,6,2024-06-05
product_20,50.01,7,2024-02-18
product_40,48.3,7,2024-03-19
product_19,72.68,1,2024-01-09
product_25,379.72,9,2024-04-18
product_6,20.94,3,2024-02-23
product_20,49.58,8,2024-02-06
product_15,24.15,7,2024-05-31
product_40,207.23,9,2024-03-26
product_23,79.54,6,2024-05-11
product_49,85.98,8,2024-05-14
product_10,57.18,5,2024-01-18
product_37,211.82,1,2024-02-27
product_37,389.91,5,2024-05-20
product_36,232.82,6,2024-01-24
product_25,399.74,4,2024-05-14
product_24,300.37,6,2024-06-21
product_8,90.02,3,2024-06-01
product_7,110.07,9,2024-02-25
product_20,274.61,10,2024-06-12
product_32,350.42,7,2024-05-07
product_24,276.36,1,2024-05-26
product_2,188.22,5,2024-03-15
product_45,346.97,2,2024-01-08
product_24,485.46,7,2024-01-27
product_23,475.13,7,2024-03-30
product_48,73.87,6,2024-05-17
product_36,247.49,7,2024-05-12
product_28,80.22,10,2024-05-10
product_39,192.29,4,2024-06-21
product_19,48.63,6,2024-03-17
product_40,448.9,7,2024-03-11
product_37,200.8,3,2024-05-11
product_14,480.07,7,2024-04-04
product_32,328.65,1,2024-01-25
product_46,145.31,5,2024-03-21
product_37,404.04,10,2024-03-21
product_24,118.14,10,2024-06-27
product_39,160.22,8,2024-02-04
product_22,89.59,9,2024-02-24
product_24,451.75,2,2024-06-24
product_19,159.08,3,2024-02-11
product_8,229.86,2,2024-04-22
product_45,128.56,8,2024-06-03
product_3,495.04,7,2024-06-03
product_33,358.68,7,2024-01-26
product_11,214.6,7,2024-04-27
product_45,51.47,8,2024-02-22
product_15,137.65,1,2024-06-25
product_38,223.14,6,2024-05-21
product_46,212.59,3,2024-04-22
product_1,391.07,7,2024-05-14
product_38,147.23,5,2024-01-04
product_44,281.03,9,2024-03-02
product_33,65.72,10,2024-01-19
product_23,351.64,5,2024-03-07
product_29,112.79,6,2024-01-17
product_2,160.18,1,2024-03-03
product_5,337.68,2,2024-06-08
product_30,157.33,2,2024-03-11
product_15,424.11,1,2024-01-31
product_41,319.67,1,2024-02-29
product_27,108.21,5,2024-03-19
product_1,43.49,10,2024-05-17
product_1,439.42,2,2024-06-22
product_37,268.37,3,2024-06-06
product_10,438.51,10,2024-03-01
product_4,73.81,10,2024-04-09
product_33,386.88,1,2024-04-20
product_41,436.34,10,2024-04-09
product_2,292.8,4,2024-04-10
product_4,385.06,4,2024-06-15
product_8,151.45,9,2024-05-26
product_21,298.87,1,2024-05-07
product_48,189.46,10,2024-06-13
product_9,211.6,8,2024-03-18
product_16,184.11,7,2024-03-08
product_6,132.31,8,2024-01-20
product_44,283.16,10,2024-05-17
product_28,217.58,6,2024-03-20
product_48,52.78,2,2024-06-29
product_33,233.84,9,2024-05-29
product_9,93.42,1,2024-05-19
product_19,57.83,8,2024-06-08
product_28,189.62,7,2024-05-13
product_8,150.12,8,2024-04-23
product_40,393.31,2,2024-01-05
product_22,328.58,8,2024-05-20
product_37,373.87,3,2024-06-11
product_10,426.22,1,2024-03-01
product_41,294.93,4,2024-01-18
product_48,223.64,2,2024-04-19
product_16,467.87,2,2024-02-05
product_46,20.43,4,2024-04-11
product_36,218.79,9,2024-03-06
product_48,447.67,5,2024-04-21
product_26,421.67,8,2024-01-28
product_42,65.78,5,2024-04-01
product_24,318.36,8,2024-01-21
product_50,154.92,7,2024-04-04
product_14,280.19,7,2024-02-07
product_38,469.53,5,2024-05-11
product_10,127.37,5,2024-03-25
product_38,139.74,1,2024-05-31
product_18,462.9,6,2024-03-25
product_30,194.51,9,2024-02-23
product_50,62.09,9,2024-01-14
product_23,335.98,4,2024-06-21
product_39,365.0,7,2024-03-17
product_37,310.16,6,2024-06-10
product_43,286.01,8,2024-04-02
product_45,41.34,10,2024-04-04
product_28,411.61,8,2024-03-12
product_18,103.89,4,2024-01-02
product_13,385.31,8,2024-05-05
product_9,257.83,10,2024-02-11
product_3,140.65,9,2024-01-13
product_17,71.04,2,2024-04-22
product_33,159.92,8,2024-06-16
product_22,19.45,1,2024-05-15
product_3,443.69,2,2024-02-14
product_18,192.14,10,2024-01-19
product_9,220.83,1,2024-02-09
product_47,133.87,3,2024-05-03
product_8,148.96,3,2024-04-04
product_12,431.65,9,2024-03-22
product_8,352.63,3,2024-01-09
product_22,194.41,5,2024-06-06
product_1,401.63,3,2024-03-30
product_38,71.17,7,2024-01-27
product_30,30.38,5,2024-01-28
product_50,247.52,3,2024-02-29
product_8,41.51,3,2024-03-02
product_30,254.95,8,2024-06-26
product_32,322.88,9,2024-01-26
product_9,332.77,9,2024-02-11
product_16,264.55,6,2024-05-15
product_25,216.49,7,2024-04-26
product_30,68.96,2,2024-01-31
product_16,129.1,4,2024-04-29
product_32,166.3,7,2024-04-11
product_25,219.74,6,2024-01-20
product_28,63.83,3,2024-05-21
product_25,38.82,9,2024-04-20
product_36,123.38,7,2024-05-30
product_24,187.34,9,2024-05-05
product_37,339.79,3,2024-03-03
product_10,371.43,6,2024-02-06
product_45,174.87,1,2024-05-23
product_35,309.13,4,2024-06-19
product_5,440.97,3,2024-01-06
product_29,94.89,1,2024-06-13
product_2,227.25,2,2024-03-19
product_7,326.83,8,2024-02-02
product_37,25.5,3,2024-05-16
product_15,414.53,4,2024-03-12
product_8,335.69,3,2024-02-09
product_29,336.01,7,2024-02-12
product_15,241.38,3,2024-05-09
product_12,395.04,3,2024-03-14
product_9,261.26,3,2024-02-24
product_20,453.22,2,2024-05-26
product_46,344.86,10,2024-04-08
product_45,33.64,1,2024-02-03
product_43,376.68,4,2024-05-04
product_33,182.75,1,2024-05-01
product_15,199.15,8,2024-02-12
product_24,102.57,3,2024-02-16
product_7,38.64,5,2024-06-05
product_3,235.63,5,2024-04-12
product_45,477.85,4,2024-04-01
product_26,40.88,2,2024-04-17
product_41,20.88,4,2024-04-11
product_26,479.56,6,2024-05-16
product_43,162.65,7,2024-02-10
product_47,421.34,7,2024-01-20
product_45,369.52,8,2024-05-19
product_11,409.16,8,2024-05-25
product_47,279.26,8,2024-01-19
product_12,241.65,5,2024-02-05
product_49,57.92,5,2024-04-23
product_24,335.77,3,2024-05-12
product_33,67.07,4,2024-02-22
product_2,36.54,5,2024-05-15
product_42,499.32,3,2024-05-11
product_46,478.16,10,2024-01-09
product_42,68.95,8,2024-01-19
product_7,95.36,2,2024-01-17
product_2,105.48,9,2024-03-04
product_12,496.47,4,2024-03-18
product_50,283.1,6,2024-04-26
product_41,125.16,10,2024-05-01
product_40,154.72,9,2024-04-09
product_31,458.19,2,2024-01-04
product_19,103.88,1,2024-01-12
product_8,177.62,7,2024-03-15
product_32,121.04,1,2024-03-20
product_37,108.66,9,2024-02-27
product_3,342.85,1,2024-01-31
product_20,249.36,9,2024-03-28
product_20,245.88,7,2024-01-16
product_12,153.0,9,2024-05-12
product_10,308.64,5,2024-01-23
product_47,339.77,4,2024-03-10
product_22,53.92,5,2024-06-02
product_24,424.9,1,2024-02-29
product_21,430.42,1,2024-05-01
product_33,132.26,1,2024-01-07
product_26,44.36,7,2024-03-02
product_46,316.04,9,2024-01-21
product_43,300.68,9,2024-03-31
product_21,230.46,1,2024-02-03
product_28,274.64,2,2024-03-04
product_11,496.13,3,2024-01-27
product_38,497.35,1,2024-04-22
product_6,100.49,2,2024-02-22
product_16,407.66,5,2024-02-21
product_3,81.52,6,2024-01-03
product_11,383.26,9,2024-05-10
product_32,464.78,4,2024-02-29
product_27,277.05,10,2024-02-29
product_50,266.9,9,2024-01-07
product_15,248.18,1,2024-05-14
product_30,37.92,1,2024-05-18
product_13,229.36,3,2024-04-12
product_15,454.14,9,2024-06-15
product_11,427.96,6,2024-02-19
product_36,78.36,9,2024-03-15
product_49,478.22,4,2024-04-21
product_34,355.46,6,2024-02-22
product_25,67.06,2,2024-01-13
product_25,132.78,6,2024-05-04
product_3,397.83,4,2024-04-15
product_10,394.77,9,2024-05-20
product_33,265.07,10,2024-01-31
product_37,396.28,2,2024-03-14
product_31,379.89,9,2024-01-18
product_21,325.04,1,2024-03-10
product_22,260.14,4,2024-06-25
product_12,16.83,2,2024-04-05
product_23,205.81,1,2024-03-27
product_5,408.91,2,2024-05-10
product_33,273.28,6,2024-05-26
product_38,433.38,8,2024-04-29
product_25,451.69,7,2024-01-12
product_37,229.66,10,2024-04-07
product_32,49.37,1,2024-06-11
product_40,348.91,6,2024-01-04
product_17,435.09,6,2024-05-14
product_36,461.08,1,2024-04-16
product_11,493.02,7,2024-06-15
product_27,381.73,3,2024-06-23
product_42,205.58,8,2024-02-12
product_25,268.97,9,2024-06-16
product_9,265.0,9,2024-06-08
product_17,338.95,5,2024-06-09
product_41,366.12,5,2024-06-07
product_50,13.49,10,2024-04-02
product_39,49.89,2,2024-04-14
product_8,380.91,10,2024-04-17
product_41,138.63,5,2024-02-06
product_9,187.89,8,2024-02-05
product_28,224.42,2,2024-05-03
product_13,433.17,10,2024-01-23
product_47,63.89,9,2024-04-06
product_1,47.92,6,2024-01-04
product_18,204.83,7,2024-01-11
product_31,295.79,3,2024-01-19
product_11,472.95,8,2024-01-15
product_17,437.49,6,2024-02-05
product_7,338.97,3,2024-01-12
product_48,356.46,5,2024-05-10
product_14,182.37,9,2024-06-05
product_46,268.49,8,2024-01-20
product_6,120.93,1,2024-05-03
product_11,273.5,2,2024-06-08
product_12,394.55,4,2024-05-06
product_45,378.94,2,2024-06-24
product_24,379.16,2,2024-03-05
product_5,495.13,10,2024-02-05
product_24,387.97,5,2024-06-11
product_3,120.31,6,2024-01-10
product_6,89.33,6,2024-04-26
product_44,279.99,9,2024-04-05
product_42,411.32,10,2024-06-14
product_48,190.52,8,2024-04-09
product_33,74.63,8,2024-06-13
product_24,432.91,8,2024-02-16
product_50,57.45,9,2024-02-05
product_6,493.35,7,2024-05-19
product_6,462.68,7,2024-01-10
product_21,244.04,8,2024-06-12
product_11,452.35,10,2024-03-23
product_35,442.01,5,2024-01-06
product_6,140.77,3,2024-03-15
product_10,321.61,8,2024-03-16
product_23,393.35,10,2024-06-03
product_5,353.33,5,2024-05-21
product_6,424.64,8,2024-06-18
product_41,84.65,10,2024-05-22
product_15,192.15,10,2024-06-17
product_3,457.74,1,2024-03-02
product_43,191.46,7,2024-04-09
product_7,379.38,7,2024-04-20
product_32,266.16,7,2024-04-04
product_33,352.4,6,2024-05-01
product_43,116.36,2,2024-05-18
product_48,416.26,4,2024-05-19
product_28,274.19,5,2024-01-14
product_14,197.53,7,2024-03-11
product_6,112.96,6,2024-03-13
product_13,265.97,1,2024-03-03
product_16,112.57,9,2024-01-07
product_43,270.36,4,2024-01-26
product_2,191.8,5,2024-05-11
product_10,77.86,3,2024-06-02
product_45,464.53,7,2024-01-21
product_10,426.11,8,2024-03-28
product_19,17.1,7,2024-01-07
product_36,166.43,5,2024-01-18
product_43,38.48,7,2024-01-23
product_45,305.01,4,2024-02-28
product_3,369.92,3,2024-04-17
product_14,155.16,1,2024-01-17
product_28,44.37,8,2024-04-08
product_11,21.86,8,2024-03-04
product_49,482.2,1,2024-01-31
product_47,486.93,5,2024-03-09
product_33,70.03,5,2024-03-05
product_15,431.72,4,2024-01-21
product_40,106.26,7,2024-03-30
product_23,233.08,3,2024-06-25
product_37,47.92,6,2024-05-31
product_10,262.88,10,2024-05-21
product_21,205.26,6,2024-02-25
product_46,349.29,8,2024-06-21
product_23,16.45,9,2024-02-01
product_31,470.57,4,2024-04-22
product_27,224.92,10,2024-03-28
product_37,259.33,4,2024-04-13
product_13,411.63,7,2024-02-29
product_19,122.81,6,2024-04-03
product_19,54.85,10,2024-02-23
product_33,223.14,10,2024-01-12
product_24,402.79,7,2024-05-20
product_23,414.39,9,2024-05-01
product_34,409.39,2,2024-03-31
product_13,49.49,8,2024-04-02
product_9,247.69,8,2024-05-13
product_3,302.83,5,2024-01-23
product_45,442.21,1,2024-04-22
product_1,195.96,10,2024-06-13
product_37,106.02,10,2024-01-20
product_24,455.65,5,2024-06-23
product_48,238.78,9,2024-04-29
product_43,302.62,9,2024-04-10
product_50,284.35,4,2024-04-15
product_9,487.32,4,2024-02-24
product_44,324.91,10,2024-05-12
product_8,396.08,6,2024-04-22
product_14,166.53,5,2024-05-29
product_32,162.08,1,2024-01-13
product_26,102.22,10,2024-01-30
product_26,64.62,8,2024-02-02
product_37,175.76,2,2024-05-22
product_7,296.37,5,2024-03-28
product_9,302.44,9,2024-03-26
product_21,306.01,7,2024-02-11
product_29,184.37,2,2024-05-15
product_29,66.42,4,2024-02-02
product_7,302.9,4,2024-05-06
product_38,116.91,3,2024-05-22
product_11,160.05,10,2024-04-10
product_45,323.46,9,2024-02-05
product_44,42.2,3,2024-02-04
product_32,270.82,1,2024-02-25
product_48,38.83,3,2024-05-19
product_26,319.44,8,2024-05-26
product_24,147.75,6,2024-03-22
product_10,328.05,9,2024-02-20
product_22,444.5,3,2024-03-18
product_22,180.7,1,2024-05-19
product_29,353.12,1,2024-05-24
product_30,295.06,6,2024-06-19
product_28,397.9,7,2024-01-02
product_20,78.24,3,2024-03-30
product_18,153.52,6,2024-06-21
product_9,85.78,8,2024-06-01
product_38,102.46,8,2024-02-11
product_31,357.04,1,2024-05-08
product_30,176.01,10,2024-01-29
product_9,259.26,2,2024-02-17
product_6,80.68,10,2024-05-29
product_38,71.55,8,2024-04-18
product_20,408.95,4,2024-03-14
product_37,91.84,5,2024-06-10
product_18,392.9,6,2024-06-13
product_15,342.4,9,2024-01-22
product_7,11.77,4,2024-06-07
product_12,17.07,9,2024-02-03
product_22,34.29,10,2024-01-12
product_10,14.51,5,2024-02-20
product_39,109.84,1,2024-04-21
product_33,324.68,7,2024-02-06
product_7,467.62,10,2024-02-21
product_42,195.66,8,2024-05-16
product_16,424.35,7,2024-02-16
product_2,397.09,2,2024-05-01
product_25,291.3,1,2024-04-02
product_37,223.51,2,2024-04-18
product_14,295.74,10,2024-01-16
product_15,148.98,7,2024-02-28
product_28,401.14,8,2024-06-28
product_12,73.37,9,2024-04-10
product_1,458.55,8,2024-02-07
product_29,180.15,3,2024-02-26
product_1,182.57,7,2024-01-20
product_10,246.79,9,2024-01-27
product_24,449.95,8,2024-05-21
product_4,134.04,3,2024-02-27
product_7,368.3,3,2024-03-04
product_2,245.31,5,2024-06-12
product_16,81.39,5,2024-03-19
product_30,132.23,2,2024-02-06
product_32,153.26,1,2024-04-15
product_30,12.27,5,2024-02-20
product_38,237.54,2,2024-03-28
product_12,306.7,2,2024-05-07
product_10,133.98,8,2024-05-02
product_48,284.71,5,2024-01-02
product_44,224.43,5,2024-05-21
product_19,144.09,8,2024-06-12
product_39,370.52,10,2024-03-11
product_24,317.19,2,2024-01-17
product_4,351.43,3,2024-02-18
product_21,128.65,7,2024-02-20
product_27,201.69,4,2024-05-27
product_14,399.56,1,2024-01-02
product_38,398.28,6,2024-05-06
product_21,133.51,7,2024-02-26
product_22,150.23,9,2024-03-02
product_50,17.33,4,2024-01-17
product_27,181.67,3,2024-06-20
product_28,207.1,9,2024-05-22
product_5,134.09,5,2024-02-04
product_47,237.51,1,2024-01-02
product_1,353.88,2,2024-02-08
product_7,218.36,10,2024-01-21
product_11,412.06,3,2024-03-25
product_23,292.52,2,2024-03-29
product_14,464.48,3,2024-04-28
product_1,381.57,3,2024-02-18
product_37,351.3,5,2024-05-18
product_23,91.93,1,2024-06-25
product_26,97.56,1,2024-05-06
product_25,54.0,7,2024-06-27
product_7,354.82,2,2024-02-08
product_20,188.63,10,2024-01-06
product_40,128.94,1,2024-01-19
product_33,403.05,5,2024-03-18
product_41,360.18,1,2024-06-27
product_37,125.55,4,2024-05-07
product_34,456.61,5,2024-02-11
product_8,362.92,1,2024-05-01
product_39,114.96,4,2024-05-23
product_25,441.52,4,2024-05-14
product_24,101.38,1,2024-06-17
product_37,100.98,8,2024-05-13
product_5,488.36,7,2024-05-28
product_26,207.88,9,2024-02-24
product_42,28.49,7,2024-02-06
product_36,397.85,4,2024-03-18
product_26,223.22,5,2024-01-27
product_46,56.33,8,2024-04-16
product_24,53.81,8,2024-04-24
product_43,21.1,2,2024-01-12
product_8,53.66,9,2024-04-28
product_42,101.66,9,2024-03-29
product_24,76.2,9,2024-04-26
product_30,241.64,2,2024-02-10
product_29,163.14,5,2024-05-17
product_42,165.3,3,2024-01-23
product_40,343.2,7,2024-05-21
product_4,472.32,8,2024-02-28
product_43,346.01,8,2024-03-02
product_46,131.96,7,2024-02-11
product_2,299.56,9,2024-06-15
product_24,114.53,4,2024-06-27
product_4,126.73,6,2024-06-04
product_41,28.48,2,2024-01-29
product_14,166.74,7,2024-04-10
product_35,416.23,7,2024-04-28
product_31,285.04,1,2024-06-15
product_47,241.56,1,2024-06-13
product_50,412.83,2,2024-04-05
product_50,421.95,9,2024-03-29
product_5,234.46,8,2024-03-01
product_40,267.34,2,2024-05-28
product_21,226.51,9,2024-02-18
product_32,476.22,1,2024-02-28
product_17,35.28,6,2024-03-21
product_12,385.1,3,2024-06-20
product_20,436.17,9,2024-02-05
product_30,77.91,6,2024-06-06
product_15,293.43,6,2024-06-21
product_50,443.11,5,2024-04-03
product_11,443.03,7,2024-06-03
product_14,113.53,3,2024-01-17
product_10,112.48,4,2024-01-20
product_39,205.94,1,2024-01-28
product_43,299.86,9,2024-06-04
product_2,476.29,7,2024-03-16
product_28,349.45,3,2024-06-16
product_27,182.07,7,2024-02-08
product_9,428.83,1,2024-05-05
product_40,462.7,5,2024-04-26
product_5,256.08,3,2024-02-21
product_1,154.72,4,2024-04-21
product_4,60.29,5,2024-06-15
product_49,17.03,7,2024-05-29
product_10,98.68,7,2024-04-12
product_32,181.39,9,2024-06-24
product_3,377.16,9,2024-05-17
product_39,13.29,7,2024-06-11
product_4,435.63,9,2024-04-13
product_25,150.83,3,2024-04-12
product_5,46.16,4,2024-04-11
product_3,163.51,1,2024-05-16
product_16,265.86,3,2024-01-19
product_23,436.52,4,2024-03-25
product_24,73.57,1,2024-02-22
product_50,153.13,9,2024-05-18
product_41,328.55,2,2024-01-14
product_41,156.6,7,2024-01-10
product_41,88.02,2,2024-02-04
product_28,181.53,10,2024-03-04
product_49,295.22,10,2024-05-09
product_30,387.09,3,2024-06-25
product_10,223.85,6,2024-02-09
product_3,177.88,3,2024-06-14
product_9,155.59,6,2024-04-16
product_23,115.34,3,2024-01-17
product_31,296.56,5,2024-03-27
product_12,317.71,8,2024-05-26
product_20,396.88,8,2024-05-02
product_31,453.54,3,2024-01-29
product_28,442.49,8,2024-02-12
product_43,176.02,6,2024-05-15
product_2,474.32,6,2024-02-23
product_30,375.19,9,2024-01-01
product_13,351.1,6,2024-04-17
product_23,369.83,8,2024-04-27
product_17,198.3,5,2024-02-08
product_39,234.97,2,2024-03-29
product_40,305.34,2,2024-06-25
product_47,195.27,8,2024-04-05
product_33,30.05,10,2024-06-12
product_27,342.91,8,2024-03-27
product_6,428.15,10,2024-01-10
product_12,325.53,5,2024-02-01
product_3,280.42,10,2024-06-06
product_9,76.29,6,2024-02-24
product_28,435.22,7,2024-06-04
product_21,471.45,4,2024-05-30
product_48,166.57,7,2024-05-26
product_26,284.02,3,2024-05-29
product_9,11.48,6,2024-04-06
product_10,200.49,3,2024-04-13
product_50,351.3,1,2024-01-12
product_18,212.69,10,2024-04-01
product_9,457.11,8,2024-04-06
product_42,87.82,5,2024-02-02
product_29,401.53,8,2024-05-14
product_8,22.8,5,2024-02-17
product_34,488.86,5,2024-05-12
product_49,415.92,1,2024-04-27
product_39,207.12,6,2024-04-17
product_37,372.11,6,2024-04-30
product_28,466.28,7,2024-02-24
product_17,257.67,6,2024-04-27
product_32,297.96,5,2024-04-22
product_19,64.37,7,2024-05-23
product_10,493.8,9,2024-05-06
product_49,147.64,6,2024-04-17
product_23,247.61,9,2024-01-11
product_32,167.45,1,2024-04-26
product_16,74.07,8,2024-01-09
product_48,327.51,10,2024-01-24
product_41,343.43,8,2024-03-15
product_6,381.6,8,2024-04-23
product_17,435.01,5,2024-02-09
product_34,461.3,5,2024-06-24
product_47,88.56,2,2024-02-05
product_49,169.16,7,2024-01-26
product_50,442.78,4,2024-05-05
product_2,59.24,6,2024-01-24
product_46,151.95,4,2024-05-15
product_12,360.33,8,2024-04-22
product_25,197.39,9,2024-03-27
product_31,483.56,4,2024-02-01
product_17,208.96,8,2024-01-21
product_20,228.71,5,2024-02-17
product_16,301.67,7,2024-05-20
product_15,459.34,2,2024-06-04
product_35,98.71,7,2024-03-23
product_3,155.02,10,2024-04-07
product_47,353.7,6,2024-03-07
product_30,243.82,3,2024-03-02
product_17,247.85,10,2024-01-05
product_29,142.98,7,2024-03-14
product_50,60.03,7,2024-03-18
product_35,397.46,7,2024-06-10
product_18,279.79,7,2024-06-17
product_30,450.06,3,2024-05-26
product_45,60.9,9,2024-06-19
product_50,181.54,3,2024-04-22
product_32,247.55,7,2024-03-09
product_41,144.55,7,2024-01-27
product_31,400.63,5,2024-04-22
product_15,27.75,4,2024-06-24
product_8,351.55,3,2024-05-25
product_50,460.84,3,2024-03-29
product_6,307.97,10,2024-06-21
product_6,167.61,10,2024-06-22
product_43,257.16,4,2024-05-15
product_6,463.88,1,2024-06-09
product_16,202.84,10,2024-01-22
product_49,86.4,7,2024-06-12
product_18,300.11,2,2024-02-26
product_33,332.9,9,2024-05-15
product_9,255.96,9,2024-06-24
product_22,402.2,3,2024-02-20
product_3,213.38,6,2024-05-31
product_23,235.19,9,2024-06-06
product_33,426.33,8,2024-03-28
product_6,356.93,6,2024-06-27
product_17,157.81,2,2024-03-29
product_8,135.41,4,2024-02-29
product_9,420.87,2,2024-04-15
product_5,114.3,4,2024-04-17
product_41,421.94,2,2024-05-21
product_46,117.82,3,2024-01-10
product_32,76.23,2,2024-01-12
product_8,85.97,7,2024-06-20
product_34,372.62,6,2024-02-03
product_4,53.02,9,2024-02-19
product_6,287.87,8,2024-06-18
product_7,283.41,2,2024-01-15
product_7,397.14,8,2024-06-05
product_6,333.92,10,2024-01-20
product_20,400.71,2,2024-02-13
product_22,484.34,10,2024-01-24
product_41,307.53,7,2024-01-01
product_40,252.14,3,2024-01-18
product_4,109.4,7,2024-04-15
product_24,401.24,6,2024-03-20
product_47,84.27,9,2024-05-24
product_31,147.41,3,2024-05-15
product_37,183.22,5,2024-02-01
product_19,367.07,4,2024-06-13
product_15,52.88,7,2024-03-22
product_18,102.13,5,2024-04-08
product_39,448.41,3,2024-02-04
product_41,177.18,5,2024-02-02
product_16,160.84,8,2024-03-12
product_36,248.83,6,2024-02-15
product_32,52.86,9,2024-02-23
product_15,490.37,9,2024-05-26
product_30,95.67,5,2024-05-24
product_36,163.84,2,2024-01-19
product_15,461.93,2,2024-04-12
product_39,28.74,4,2024-05-24
product_34,251.13,5,2024-01-27
product_15,430.36,2,2024-03-24
product_2,248.17,4,2024-01-18
product_25,99.65,5,2024-05-22
product_28,261.89,8,2024-05-07
product_50,50.74,2,2024-04-13
product_48,395.57,5,2024-03-05
product_15,449.28,10,2024-04-29
product_12,162.28,4,2024-01-09
product_23,480.0,7,2024-04-06
product_12,133.91,3,2024-04-03
product_30,375.18,9,2024-05-16
product_45,357.63,10,2024-04-14
product_35,166.66,4,2024-05-16
product_9,462.49,3,2024-02-04
product_50,488.32,10,2024-03-06
product_13,339.13,3,2024-05-06
product_5,476.74,10,2024-04-06
product_1,265.79,1,2024-01-03
product_8,468.21,10,2024-02-14
product_36,457.85,2,2024-03-04
product_18,16.28,9,2024-04-04
product_2,36.15,2,2024-06-10
product_22,56.19,6,2024-01-24
product_34,467.44,6,2024-02-01
product_32,192.13,6,2024-06-02
product_2,317.4,8,2024-06-27
product_14,250.51,1,2024-03-21
product_46,106.14,6,2024-02-13
product_14,165.8,10,2024-06-29
product_14,126.01,5,2024-03-19
product_46,401.94,2,2024-06-19
product_22,274.75,6,2024-01-14
product_15,154.39,3,2024-04-02
product_10,356.78,2,2024-06-11
product_28,263.56,2,2024-05-17
product_43,121.6,2,2024-06-25
product_13,356.98,2,2024-01-12
product_13,431.63,2,2024-02-26
product_8,495.79,4,2024-01-10
product_13,361.1,8,2024-02-28
product_8,101.63,7,2024-01-03
product_27,438.3,6,2024-05-29
product_50,441.91,8,2024-04-30
product_37,387.26,7,2024-03-24
product_2,88.18,1,2024-06-16
product_2,91.45,10,2024-01-26
product_45,241.82,3,2024-04-29
product_41,193.93,3,2024-01-05
product_41,233.25,3,2024-05-31
product_8,442.08,9,2024-02-21
product_29,155.68,10,2024-03-26
product_39,184.79,3,2024-03-25
product_13,99.99,5,2024-06-14
product_19,193.68,8,2024-06-13
product_36,209.37,1,2024-03-22
product_32,206.53,10,2024-03-26
product_20,442.92,9,2024-06-11
product_13,369.52,3,2024-05-20
product_32,403.09,2,2024-05-05
product_50,200.29,5,2024-04-25
product_35,106.87,9,2024-05-27
product_24,39.18,2,2024-01-27
product_36,453.94,7,2024-04-10
product_44,97.38,9,2024-06-29
product_37,265.0,10,2024-06-16
product_1,346.99,9,2024-02-09
product_17,169.99,7,2024-06-04
product_4,269.14,1,2024-01-06
product_41,481.06,6,2024-01-10
product_46,442.1,8,2024-02-18
product_34,313.48,4,2024-04-13
product_32,15.91,8,2024-03-13
product_40,320.21,3,2024-02-09
product_37,330.52,9,2024-05-02
product_46,202.27,4,2024-06-05
product_25,388.15,7,2024-01-17
product_28,161.07,2,2024-01-04
product_47,328.87,3,2024-04-28
product_34,21.27,3,2024-05-16
product_26,305.18,1,2024-06-19
product_40,26.62,7,2024-01-05
product_13,465.44,1,2024-06-15
product_15,304.85,1,2024-04-09
product_40,37.24,6,2024-02-22
product_29,242.01,7,2024-05-21
product_2,211.77,9,2024-02-26
product_15,360.95,10,2024-04-14
product_46,374.09,4,2024-03-04
product_47,76.23,4,2024-05-27
product_6,194.44,7,2024-06-07
product_17,253.41,5,2024-05-23
product_16,403.84,9,2024-05-23
product_36,194.46,6,2024-01-15
product_9,396.22,10,2024-03-23
product_35,355.83,10,2024-04-14
product_49,95.8,8,2024-05-13
product_41,465.41,3,2024-02-06
product_10,265.22,6,2024-03-07
product_27,257.81,10,2024-02-12
product_1,382.64,8,2024-06-29
product_25,56.16,2,2024-04-04
product_16,402.92,4,2024-03-07
product_13,377.08,2,2024-06-14
product_37,311.23,5,2024-02-23
product_40,468.7,7,2024-02-05
product_46,447.91,9,2024-06-09
product_44,347.39,9,2024-02-01
product_3,110.32,7,2024-05-05
product_43,300.67,5,2024-05-08
product_4,234.5,8,2024-01-05
product_22,455.25,1,2024-03-30
product_33,205.2,6,2024-01-10
product_45,253.93,5,2024-06-06
product_40,154.31,4,2024-03-19
product_24,177.8,8,2024-02-06
product_47,64.08,1,2024-04-08
product_5,484.61,6,2024-04-10
product_47,351.9,1,2024-06-24
product_9,341.33,3,2024-05-13
product_6,48.72,1,2024-05-07
product_25,474.04,4,2024-02-13
product_17,97.21,7,2024-02-26
product_38,483.5,3,2024-03-21
product_7,289.92,4,2024-05-09
product_14,61.36,4,2024-06-25
product_50,139.95,6,2024-03-08
product_49,245.63,4,2024-05-18
product_18,447.56,4,2024-03-16
product_6,423.17,8,2024-06-21
product_31,288.15,8,2024-05-17
product_15,414.12,7,2024-06-24
product_15,173.29,5,2024-02-27
product_19,137.99,10,2024-03-08
product_47,390.2,4,2024-04-16
product_7,483.2,7,2024-03-01
product_33,81.11,9,2024-02-25
product_46,379.79,6,2024-05-01
product_17,174.25,10,2024-05-30
product_7,434.89,2,2024-03-01
product_45,237.69,8,2024-03-19
product_17,278.84,4,2024-05-18
product_20,52.48,2,2024-06-29
product_27,393.24,4,2024-04-01
product_8,451.11,9,2024-03-16
product_14,16.66,8,2024-01-12
product_9,147.75,4,2024-02-02
product_23,419.36,10,2024-05-15
product_17,295.65,3,2024-03-16
product_44,96.54,5,2024-02-20
product_21,71.78,2,2024-03-30
product_26,80.0,10,2024-02-21
product_35,234.26,5,2024-01-12
product_50,87.54,9,2024-01-26
product_44,50.25,3,2024-02-22
product_35,185.64,6,2024-04-24
product_35,285.83,5,2024-04-10
product_14,412.19,4,2024-03-25
product_14,137.94,9,2024-03-09
product_45,497.79,6,2024-03-19
product_34,16.83,5,2024-05-03
product_25,111.6,2,2024-03-11
product_7,171.31,4,2024-02-12
product_19,345.44,3,2024-04-28
product_36,451.05,9,2024-06-07
product_13,432.56,2,2024-01-19
product_9,434.53,8,2024-05-06
product_33,458.61,10,2024-04-09
product_5,190.95,1,2024-02-07
product_16,395.03,3,2024-06-11
product_37,418.23,7,2024-03-20
product_28,116.51,5,2024-04-09
product_31,40.2,2,2024-06-20
product_21,391.06,10,2024-05-30
product_4,479.66,5,2024-03-09
product_27,383.66,5,2024-05-29
product_29,56.77,3,2024-01-26
product_36,239.67,10,2024-05-18
product_5,156.13,5,2024-01-25
product_34,394.3,10,2024-03-14
product_14,120.75,2,2024-01-22
product_40,367.69,9,2024-01-22
product_31,255.91,3,2024-02-24
product_41,146.15,8,2024-04-09
product_42,177.68,3,2024-05-28
product_9,214.79,9,2024-02-06
product_8,400.55,7,2024-04-15
product_27,126.39,4,2024-05-23
product_14,137.58,9,2024-02-06
product_15,57.67,6,2024-02-28
product_48,215.13,6,2024-06-05
product_43,409.52,3,2024-02-20
product_46,231.2,9,2024-05-23
product_1,79.57,5,2024-01-24
product_15,476.29,1,2024-04-15
product_40,50.33,3,2024-03-27
product_20,486.05,2,2024-04-22
product_44,359.68,7,2024-05-26
product_5,246.66,6,2024-05-29
product_43,31.18,10,2024-03-17
product_24,346.84,10,2024-04-22
product_44,469.72,9,2024-02-27
product_45,87.03,9,2024-05-08
product_1,198.96,3,2024-02-24
product_20,213.26,6,2024-06-03
product_30,484.49,7,2024-06-04
product_40,266.4,1,2024-04-22
product_24,377.11,3,2024-04-10
product_31,419.86,6,2024-03-09
product_10,249.67,7,2024-03-20
product_43,176.17,6,2024-05-13
product_12,229.66,10,2024-02-15
product_43,114.55,9,2024-04-08
product_25,271.13,8,2024-03-08
product_2,55.23,9,2024-03-09
product_14,160.57,9,2024-03-13
product_7,398.2,10,2024-06-15
product_43,340.78,10,2024-04-04
product_44,348.42,8,2024-06-27
product_41,443.47,3,2024-05-25
product_23,303.16,3,2024-02-01
product_28,281.66,4,2024-03-30
product_8,129.87,2,2024-06-15
product_47,112.31,8,2024-02-22
product_38,129.44,6,2024-05-04
product_39,205.57,5,2024-04-18
product_27,73.78,1,2024-01-09
product_30,95.61,9,2024-01-27
product_14,461.21,4,2024-02-09
product_15,206.06,8,2024-06-29
product_6,82.51,5,2024-02-05
product_4,160.48,5,2024-01-26
product_42,383.15,3,2024-02-13
product_41,437.05,10,2024-06-18
product_21,55.65,9,2024-06-23
product_7,283.53,6,2024-05-16
product_30,88.65,1,2024-06-05
product_25,43.08,2,2024-03-16
product_22,274.67,6,2024-05-21
product_33,171.89,9,2024-03-11
product_4,158.55,2,2024-04-06
product_47,204.86,2,2024-03-21
product_23,181.56,3,2024-03-02
product_44,422.1,10,2024-01-14
product_19,180.28,10,2024-06-27
product_3,457.03,2,2024-02-26
product_18,433.45,8,2024-06-02
product_26,497.24,4,2024-05-20
product_22,63.01,3,2024-06-23
product_42,120.11,3,2024-02-17
product_29,39.19,8,2024-01-12
product_49,323.13,9,2024-04-05
product_7,307.68,4,2024-01-14
product_29,392.18,7,2024-04-05
product_23,332.8,9,2024-02-16
product_23,405.03,2,2024-05-15
product_30,18.02,1,2024-06-14
product_12,387.39,10,2024-01-01
product_30,363.51,5,2024-03-31
product_19,274.98,2,2024-03-28
product_18,41.46,1,2024-03-08
product_47,45.23,8,2024-04-26
product_45,428.35,1,2024-04-02
product_13,66.42,9,2024-06-06
product_32,184.49,3,2024-06-05
product_20,361.63,5,2024-04-08
product_17,137.8,5,2024-04-04
product_5,145.56,3,2024-04-02
product_33,362.64,4,2024-01-27
product_20,293.06,7,2024-04-18
product_10,438.65,10,2024-05-04
product_11,186.3,10,2024-02-26
product_26,88.85,4,2024-01-13
product_7,19.93,9,2024-06-22
product_17,168.56,9,2024-05-06
product_38,53.38,10,2024-03-28
product_2,176.53,10,2024-03-14
product_28,382.19,6,2024-04-05
product_11,345.8,3,2024-03-07
product_18,300.77,3,2024-02-05
product_50,346.21,3,2024-01-05
product_3,343.56,6,2024-01-23
product_46,326.55,9,2024-05-12
product_37,147.56,7,2024-03-18
product_45,81.95,10,2024-02-05
product_38,125.35,8,2024-04-05
product_20,346.09,6,2024-03-09
product_10,303.41,8,2024-03-22
product_45,193.11,8,2024-05-26
product_6,396.39,6,2024-03-23
product_47,317.31,5,2024-05-16
product_17,185.01,3,2024-04-26
product_22,172.4,7,2024-02-13
product_29,368.24,9,2024-06-21
product_49,488.82,10,2024-05-19
product_34,429.62,10,2024-04-29
product_1,487.21,6,2024-02-03
product_40,35.82,9,2024-01-05
product_6,286.31,10,2024-06-13
product_41,168.24,6,2024-05-20
product_33,414.95,7,2024-04-28
product_29,122.51,5,2024-02-15
product_11,290.63,3,2024-01-19
product_16,112.64,10,2024-06-18
product_20,401.33,4,2024-03-29
product_43,324.17,7,2024-02-05
product_30,230.3,9,2024-04-22
product_10,359.42,10,2024-03-01
product_42,124.32,3,2024-01-09
product_13,185.25,5,2024-01-31
product_22,213.99,3,2024-03-22
product_8,106.57,2,2024-01-05
product_28,480.72,6,2024-06-23
product_13,32.71,3,2024-04-04
product_43,220.04,5,2024-02-09
product_1,313.44,7,2024-05-21
product_1,236.15,1,2024-01-01
product_11,293.38,5,2024-06-05
product_15,120.0,1,2024-05-31
product_35,269.67,10,2024-04-11
product_45,384.67,2,2024-04-19
product_31,339.91,9,2024-03-14
product_47,418.74,5,2024-03-08
product_44,25.88,7,2024-01-08
product_5,263.78,2,2024-01-14
product_1,302.93,2,2024-01-03
product_1,419.36,10,2024-03-10
product_37,166.03,7,2024-02-27
product_24,268.28,10,2024-04-04
product_4,144.44,3,2024-05-04
product_15,108.5,3,2024-04-27
product_44,186.5,10,2024-01-15
product_15,130.69,8,2024-02-12
product_27,218.07,9,2024-01-22
product_35,78.76,6,2024-06-21
product_46,16.01,5,2024-06-14
product_47,55.54,4,2024-06-05
product_5,329.93,4,2024-03-01
product_7,429.41,2,2024-05-12
product_41,368.73,1,2024-03-15
product_6,352.35,9,2024-03-15
product_6,238.56,2,2024-04-04
product_44,25.92,7,2024-03-12
product_8,360.32,2,2024-01-12
product_3,447.49,9,2024-02-27
product_14,15.84,2,2024-06-16
product_34,262.12,5,2024-03-16
product_42,218.84,4,2024-04-04
product_9,376.74,4,2024-03-25
product_36,275.86,10,2024-05-24
product_18,369.41,4,2024-02-27
product_41,41.24,10,2024-06-22
product_17,84.92,7,2024-03-30
product_32,94.64,2,2024-01-05
product_40,164.95,1,2024-01-22
product_18,71.45,10,2024-06-02
product_13,247.38,3,2024-06-19
product_17,387.33,7,2024-02-14
product_11,411.87,7,2024-02-10
product_44,149.43,10,2024-06-11
product_46,392.21,2,2024-04-09
product_39,158.33,7,2024-01-18
product_48,180.65,10,2024-01-01
product_39,232.34,5,2024-05-26
product_27,238.37,6,2024-04-05
product_19,120.61,10,2024-01-25
product_27,335.19,2,2024-06-25
product_21,455.53,10,2024-04-10
product_43,33.1,7,2024-05-10
product_49,231.95,4,2024-02-08
product_17,252.68,1,2024-02-20
product_7,57.86,1,2024-05-24
product_11,207.01,1,2024-02-04
product_38,69.01,6,2024-05-06
product_31,95.25,5,2024-05-01
product_31,269.18,7,2024-05-24
product_8,335.61,3,2024-06-21
product_30,108.12,4,2024-05-02
product_45,279.98,4,2024-05-28
product_19,51.55,10,2024-05-24
product_1,57.58,6,2024-05-15
product_25,151.76,2,2024-04-02
product_17,454.6,1,2024-04-18
product_50,348.04,7,2024-01-05
product_4,315.48,6,2024-01-16
product_45,354.93,5,2024-03-17
product_18,228.72,2,2024-03-02
product_15,119.51,6,2024-02-09
product_2,246.53,5,2024-03-23
product_28,127.46,4,2024-05-26
product_23,250.14,2,2024-01-30
product_20,183.55,3,2024-04-30
product_35,124.93,1,2024-04-02
product_39,186.29,10,2024-06-19
product_19,362.63,1,2024-01-18
product_41,165.47,5,2024-02-03
product_23,244.71,10,2024-01-25
product_27,305.34,6,2024-04-15
product_23,313.42,1,2024-02-21
product_45,329.3,5,2024-03-28
product_5,402.96,6,2024-02-09
product_10,136.57,3,2024-06-09
product_43,346.44,2,2024-01-24
product_49,357.96,1,2024-05-27
product_34,392.22,5,2024-02-02
product_12,281.88,3,2024-02-14
product_20,17.06,7,2024-01-05
product_28,258.54,10,2024-02-04
product_24,234.61,2,2024-05-03
product_43,87.96,10,2024-03-16
product_30,113.3,6,2024-03-06
product_6,488.77,3,2024-05-11
product_20,266.94,6,2024-04-27
product_1,223.68,4,2024-04-06
product_27,101.36,5,2024-03-20
product_10,179.26,8,2024-04-14
product_31,488.3,7,2024-05-09
product_24,453.63,6,2024-01-26
product_10,206.02,2,2024-02-07
product_20,422.45,6,2024-03-27
product_14,49.83,1,2024-03-13
product_30,317.21,3,2024-06-22
product_9,74.22,9,2024-02-03
product_46,453.84,3,2024-02-24
product_12,229.89,3,2024-06-13
product_19,315.12,9,2024-02-19
product_3,22.75,8,2024-05-31
product_1,319.22,7,2024-05-31
product_43,155.66,6,2024-06-08
product_48,89.62,7,2024-01-04
product_37,380.79,2,2024-05-04
product_25,30.05,1,2024-02-28
product_39,132.83,2,2024-03-21
product_41,24.47,6,2024-06-03
product_20,273.91,7,2024-05-19
product_27,128.92,9,2024-02-16
product_14,54.77,3,2024-05-01
product_20,47.96,7,2024-03-22
product_5,48.74,10,2024-02-13
product_12,211.6,10,2024-06-22
product_26,225.41,10,2024-05-14
product_37,272.24,6,2024-01-24
product_8,228.43,6,2024-03-02
product_20,281.2,4,2024-04-06
product_15,481.47,1,2024-01-17
product_6,147.04,9,2024-02-07
product_9,191.81,8,2024-01-24
product_21,46.37,1,2024-02-11
product_3,392.44,4,2024-06-27
product_31,418.71,9,2024-04-05
product_24,39.99,5,2024-05-22
product_15,193.07,1,2024-05-20
product_17,256.88,8,2024-01-20
product_1,71.29,9,2024-01-13
product_45,422.66,9,2024-05-01
product_29,28.02,9,2024-06-12
product_14,110.92,4,2024-06-07
product_13,68.87,7,2024-01-22
product_31,276.91,2,2024-03-14
product_36,181.96,6,2024-03-30
product_43,103.39,1,2024-02-08
product_1,399.63,3,2024-06-26
product_49,207.82,6,2024-06-19
product_27,116.47,9,2024-01-04
product_20,146.21,7,2024-03-17
product_48,374.1,8,2024-06-07
product_49,446.65,4,2024-05-19
product_6,407.71,10,2024-02-29
product_11,89.73,6,2024-01-26
product_29,36.07,9,2024-03-05
product_17,310.07,4,2024-05-02
product_36,433.34,10,2024-06-12
product_34,227.01,1,2024-04-15
product_36,142.94,5,2024-02-22
product_14,14.42,6,2024-05-03
product_37,370.12,1,2024-03-05
product_36,498.94,9,2024-04-03
product_34,243.69,7,2024-02-03
product_18,413.63,8,2024-03-30
product_15,202.93,6,2024-01-28
product_36,379.18,5,2024-01-25
product_1,117.95,8,2024-02-18
product_31,488.49,2,2024-04-27
product_22,201.66,9,2024-04-21
product_21,157.51,5,2024-05-12
product_5,64.21,7,2024-06-01
product_9,491.23,6,2024-06-21
product_35,157.31,9,2024-02-09
product_38,322.23,5,2024-06-01
product_45,255.08,1,2024-01-01
product_43,134.14,3,2024-02-11
product_8,75.7,8,2024-06-28
product_35,138.28,6,2024-04-26
product_5,136.51,2,2024-03-25
product_25,210.74,10,2024-01-03
product_39,201.59,8,2024-02-12
product_29,350.18,1,2024-06-06
product_30,434.57,10,2024-03-11
product_6,50.48,8,2024-06-12
product_33,29.14,5,2024-05-22
product_4,279.11,2,2024-05-13
product_7,80.69,6,2024-02-05
product_2,178.22,7,2024-04-22
product_20,431.16,4,2024-01-23
product_6,200.65,4,2024-05-10
product_6,181.85,4,2024-01-31
product_35,320.39,1,2024-01-05
product_4,88.74,8,2024-03-27
product_25,319.72,1,2024-04-28
product_24,301.73,5,2024-05-30
product_7,491.11,6,2024-05-02
product_6,100.61,3,2024-01-05
product_9,434.41,3,2024-01-23
product_16,235.93,3,2024-04-29
product_4,205.79,9,2024-05-01
product_44,310.5,8,2024-02-13
product_3,146.31,1,2024-04-06
product_47,181.96,10,2024-01-22
product_37,265.18,2,2024-02-09
product_29,152.56,7,2024-01-06
product_47,87.11,6,2024-01-23
product_3,429.25,6,2024-02-28
product_41,273.88,3,2024-03-26
product_22,81.37,8,2024-03-28
product_15,478.46,5,2024-01-29
product_27,277.62,10,2024-03-03
product_37,291.38,4,2024-04-05
product_22,358.0,6,2024-06-27
product_33,461.21,2,2024-02-13
product_41,144.41,7,2024-06-19
product_13,209.63,3,2024-03-20
product_5,330.88,9,2024-05-03
product_46,293.36,3,2024-04-13
product_41,470.7,5,2024-05-26
product_3,32.8,3,2024-01-21
product_6,143.45,6,2024-03-12
product_12,13.05,6,2024-02-03
product_40,428.27,3,2024-03-16
product_12,281.77,4,2024-02-07
product_28,428.37,4,2024-03-20
product_24,405.95,9,2024-03-21
product_21,341.04,3,2024-01-31
product_37,31.6,1,2024-03-24
product_8,365.89,3,2024-06-27
product_2,47.4,10,2024-06-27
product_19,245.0,4,2024-04-05
product_30,34.38,6,2024-05-12
product_31,426.68,6,2024-03-14
product_13,158.49,5,2024-01-31
product_24,96.35,2,2024-02-21
product_50,498.02,7,2024-01-01
product_44,347.24,10,2024-03-31
product_43,341.88,10,2024-02-10
product_17,485.78,7,2024-05-03
product_22,399.85,7,2024-03-18
product_48,168.12,9,2024-02-27
product_22,406.96,1,2024-04-16
product_4,338.66,4,2024-05-10
product_5,300.68,8,2024-01-29
product_11,439.55,6,2024-05-14
product_38,239.91,4,2024-06-25
product_20,480.41,9,2024-03-27
product_12,385.27,2,2024-05-12
product_2,221.79,9,2024-03-29
product_37,232.53,10,2024-02-01
product_9,470.03,2,2024-06-02
product_45,428.05,9,2024-02-23
product_1,244.56,3,2024-05-07
product_32,346.98,7,2024-01-14
product_16,475.61,2,2024-01-27
product_14,290.47,5,2024-04-16
product_44,216.55,9,2024-02-14
product_38,172.73,6,2024-05-06
product_15,325.11,5,2024-05-01
product_7,325.51,9,2024-05-08
product_7,463.21,2,2024-05-20
product_30,268.49,8,2024-06-19
product_14,127.1,4,2024-02-09
product_43,254.98,10,2024-02-28
product_32,111.93,5,2024-01-16
product_4,181.31,6,2024-06-19
product_50,143.07,9,2024-02-15
product_26,80.52,10,2024-01-21
product_23,188.6,5,2024-04-08
product_32,333.06,3,2024-05-13
product_15,177.35,2,2024-01-21
product_37,14.56,10,2024-01-08
product_33,424.74,9,2024-03-11
product_22,349.73,7,2024-02-26
product_4,315.77,3,2024-03-04
product_38,228.13,2,2024-03-01
product_45,437.58,7,2024-01-30
product_2,93.0,10,2024-03-27
product_44,374.34,8,2024-02-11
product_46,489.69,4,2024-03-25
product_6,266.02,9,2024-02-03
product_19,410.5,6,2024-01-27
product_9,70.38,1,2024-04-25
product_25,78.92,7,2024-06-08
product_25,342.13,10,2024-05-02
product_48,217.11,9,2024-01-29
product_49,142.73,8,2024-03-19
product_4,390.9,2,2024-01-22
product_40,298.19,1,2024-04-04
product_25,390.17,4,2024-02-20
product_2,303.69,3,2024-04-17
product_7,62.14,7,2024-01-16
product_35,179.37,2,2024-01-13
product_15,296.0,1,2024-04-20
product_33,279.21,4,2024-01-10
product_47,240.14,9,2024-02-17
product_27,165.75,6,2024-03-20
product_27,485.5,1,2024-04-12
product_7,316.41,7,2024-05-30
product_22,417.61,5,2024-06-06
product_40,217.99,5,2024-04-08
product_35,368.93,4,2024-03-28
product_36,23.11,7,2024-03-11
product_26,21.65,9,2024-02-09
product_45,325.03,10,2024-01-06
product_20,13.68,8,2024-02-12
product_30,253.25,7,2024-03-07
product_40,369.3,8,2024-01-10
product_25,162.24,10,2024-02-17
product_23,385.75,6,2024-03-19
product_24,217.03,7,2024-01-28
product_28,275.11,9,2024-01-04
product_49,241.23,7,2024-05-28
product_36,341.72,1,2024-05-23
product_40,258.13,5,2024-02-07
product_36,92.37,8,2024-06-05
product_39,180.64,9,2024-04-13
product_24,351.35,8,2024-03-20
product_37,201.51,1,2024-01-12
product_44,414.46,2,2024-03-28
product_15,430.67,9,2024-06-02
product_6,411.82,4,2024-04-07
product_8,164.86,7,2024-02-22
product_10,63.62,9,2024-05-04
product_41,46.15,4,2024-04-01
product_41,330.12,8,2024-05-04
product_40,135.93,2,2024-05-11
product_11,342.29,2,2024-06-01
product_9,419.39,1,2024-06-17
product_24,105.76,4,2024-01-18
product_43,260.2,6,2024-03-21
product_39,293.38,10,2024-06-12
product_33,257.71,2,2024-05-20
product_44,78.73,1,2024-06-04
product_46,442.77,7,2024-04-05
product_38,197.24,9,2024-05-25
product_16,392.72,2,2024-03-09
product_35,127.19,6,2024-01-21
product_11,263.91,7,2024-04-10
product_41,243.47,7,2024-04-06
product_48,52.68,6,2024-02-10
product_31,375.36,7,2024-04-27
product_23,38.39,8,2024-03-13
product_16,95.5,3,2024-02-07
product_1,318.73,9,2024-05-27
product_16,144.81,7,2024-02-28
product_48,437.33,5,2024-02-02
product_40,338.08,1,2024-03-26
product_39,123.65,7,2024-04-04
product_11,144.65,9,2024-03-20
product_25,476.38,10,2024-04-10
product_49,350.47,2,2024-03-13
product_49,362.66,7,2024-04-23
product_4,94.55,7,2024-04-24
product_49,111.24,4,2024-01-23
product_50,457.1,7,2024-02-13
product_30,110.24,7,2024-02-17
product_21,95.05,1,2024-05-08
product_31,167.27,2,2024-06-14
product_13,283.79,4,2024-06-05
product_35,80.24,9,2024-05-04
product_23,161.83,8,2024-06-04
product_3,431.97,7,2024-03-25
product_30,50.8,3,2024-05-02
product_18,253.63,5,2024-01-16
product_33,32.34,9,2024-05-25
product_49,494.21,10,2024-06-07
product_17,144.76,4,2024-02-15
product_14,308.74,3,2024-04-25
product_23,35.75,8,2024-05-31
product_23,28.78,3,2024-06-15
product_7,207.26,5,2024-05-02
product_5,235.89,10,2024-03-17
product_31,189.01,7,2024-04-26
product_20,448.07,5,2024-06-08
product_17,93.27,3,2024-04-28
product_34,456.8,2,2024-02-12
product_33,484.75,10,2024-01-05
product_28,325.53,5,2024-04-30
product_36,159.39,3,2024-05-09
product_34,386.49,9,2024-05-03
product_47,236.69,9,2024-04-26
product_11,167.49,10,2024-01-21
product_22,145.67,3,2024-06-05
product_42,434.68,9,2024-03-07
product_16,341.49,10,2024-01-17
product_22,190.02,2,2024-04-02
product_30,321.78,5,2024-01-19
product_26,370.52,4,2024-05-12
product_38,211.52,5,2024-04-25
product_46,332.36,3,2024-05-29
product_28,16.33,8,2024-02-13
product_27,330.94,2,2024-03-23
product_6,457.38,8,2024-05-09
product_17,370.53,6,2024-05-14
product_1,424.24,8,2024-04-15
product_30,119.96,10,2024-04-13
product_28,245.32,9,2024-04-05
product_24,156.43,4,2024-03-04
product_39,328.93,5,2024-05-07
product_38,181.3,10,2024-01-11
product_48,463.43,6,2024-03-05
product_42,408.03,5,2024-02-21
product_40,190.4,7,2024-06-20
product_48,16.72,6,2024-03-11
product_40,35.91,1,2024-01-26
product_10,376.45,6,2024-03-16
product_35,311.64,4,2024-05-23
product_33,484.47,1,2024-05-06
product_5,141.52,6,2024-03-23
product_18,51.26,1,2024-02-03
product_10,33.65,2,2024-01-02
product_39,449.53,1,2024-04-14
product_13,259.91,9,2024-06-08
product_6,325.92,9,2024-01-14
product_22,265.6,2,2024-06-10
product_3,156.58,8,2024-05-02
product_37,280.15,9,2024-03-04
product_6,201.16,1,2024-04-06
product_2,110.97,3,2024-04-12
product_43,286.81,7,2024-04-20
product_26,233.22,5,2024-03-31
product_19,207.71,7,2024-05-24
product_39,212.33,3,2024-02-19
product_42,283.38,8,2024-02-22
product_1,202.56,3,2024-05-28
product_49,92.05,1,2024-04-27
product_46,177.82,8,2024-05-30
product_34,130.95,10,2024-01-21
product_7,299.33,5,2024-05-20
product_11,233.0,3,2024-02-19
product_41,337.93,5,2024-01-03
product_16,446.33,2,2024-06-24
product_47,231.29,3,2024-05-05
product_30,368.62,1,2024-04-23
product_8,27.45,4,2024-03-21
product_24,454.03,7,2024-03-27
product_16,253.54,1,2024-01-02
product_23,77.13,9,2024-06-24
product_16,342.94,5,2024-02-27
product_24,49.12,3,2024-05-07
product_11,194.31,2,2024-06-29
product_45,282.53,1,2024-04-29
product_14,140.67,9,2024-06-04
product_48,493.75,8,2024-02-06
product_35,176.42,4,2024-05-04
product_4,94.49,4,2024-05-25
product_6,263.88,6,2024-04-16
product_37,445.28,6,2024-04-05
product_41,356.9,7,2024-04-12
product_42,45.76,5,2024-06-01
product_19,486.89,10,2024-03-12
product_45,429.15,9,2024-04-26
product_13,164.1,8,2024-06-25
product_6,93.86,3,2024-05-03
product_19,194.92,4,2024-05-04
product_32,445.59,7,2024-03-25
product_20,478.53,4,2024-02-29
product_16,201.14,5,2024-02-23
product_35,133.57,7,2024-01-20
product_12,183.64,1,2024-05-14
product_40,17.15,3,2024-01-27
product_37,309.77,2,2024-01-13
product_35,353.73,2,2024-03-31
product_43,439.17,7,2024-03-30
product_17,233.33,5,2024-03-29
product_18,265.47,1,2024-05-11
product_11,204.19,3,2024-04-18
product_1,137.78,9,2024-06-09
product_18,360.92,2,2024-04-11
product_43,138.88,2,2024-02-03
product_31,258.44,1,2024-02-15
product_31,229.33,7,2024-02-07
product_23,424.68,8,2024-06-24
product_33,252.4,10,2024-03-06
product_9,140.63,1,2024-03-20
product_4,239.67,2,2024-03-22
product_41,260.1,2,2024-03-27
product_44,24.51,1,2024-01-29
product_47,448.86,3,2024-02-05
product_28,303.67,4,2024-02-09
product_36,109.66,2,2024-03-31
product_49,251.79,2,2024-05-28
product_37,312.08,10,2024-02-22
product_48,142.5,2,2024-03-13
product_11,448.81,9,2024-02-27
product_10,114.07,2,2024-04-24
product_31,405.31,4,2024-01-06
product_7,311.47,9,2024-04-19
product_27,339.51,5,2024-03-06
product_14,427.05,8,2024-01-27
product_43,236.54,7,2024-05-13
product_27,177.3,7,2024-01-11
product_12,371.5,8,2024-02-28
product_32,161.9,2,2024-06-20
product_16,182.01,1,2024-04-09
product_9,26.11,3,2024-01-27
product_25,393.5,2,2024-04-10
product_36,411.21,5,2024-03-22
product_37,467.43,6,2024-06-07
product_36,288.17,3,2024-04-03
product_10,126.9,10,2024-05-22
product_3,273.2,9,2024-02-15
product_25,249.44,2,2024-04-30
product_33,212.02,2,2024-03-06
product_41,95.02,5,2024-01-14
product_50,460.78,9,2024-03-04
product_22,489.64,9,2024-02-22
product_31,244.47,1,2024-02-16
product_7,127.02,9,2024-01-15
product_16,57.38,1,2024-02-26
product_21,286.01,1,2024-02-26
product_5,100.29,10,2024-01-27
product_38,394.43,2,2024-01-20
product_43,342.33,3,2024-04-15
product_42,449.37,8,2024-05-22
product_1,180.76,4,2024-03-28
product_45,259.27,1,2024-05-01
product_24,177.51,9,2024-04-18
product_30,38.55,3,2024-06-08
product_3,45.14,6,2024-01-30
product_6,468.98,1,2024-04-13
product_40,210.86,1,2024-06-21
product_2,495.91,6,2024-01-30
product_7,410.81,6,2024-03-12
product_44,424.97,8,2024-03-02
product_38,131.17,10,2024-06-11
product_3,292.34,1,2024-03-14
product_31,61.91,10,2024-01-24
product_38,186.3,2,2024-03-03
product_37,30.31,4,2024-02-21
product_33,102.42,4,2024-02-23
product_9,382.68,9,2024-04-03
product_18,236.52,8,2024-04-11
product_30,262.29,7,2024-04-03
product_8,422.21,1,2024-02-16
product_4,144.64,10,2024-06-05
product_50,476.44,3,2024-06-27
product_27,248.85,10,2024-04-07
product_47,326.42,5,2024-03-05
product_6,245.04,7,2024-06-03
product_33,413.81,1,2024-03-18
product_24,235.65,8,2024-04-14
product_7,22.5,9,2024-06-24
product_47,393.68,10,2024-05-28
product_19,498.12,7,2024-05-08
product_18,136.79,6,2024-03-16
product_14,435.0,2,2024-04-19
product_33,236.77,7,2024-02-17
product_18,345.4,9,2024-04-24
product_22,321.06,6,2024-04-09
product_3,214.24,3,2024-03-30
product_3,369.05,6,2024-04-14
product_41,222.0,2,2024-02-21
product_37,134.1,2,2024-03-25
product_29,169.99,2,2024-04-19
product_43,399.16,8,2024-04-13
product_13,145.23,9,2024-05-04
product_24,249.97,4,2024-03-29
product_19,486.53,7,2024-03-14
product_30,476.16,1,2024-01-30
product_12,133.64,8,2024-05-01
product_38,23.63,9,2024-06-13
product_3,161.45,4,2024-04-08
product_29,215.32,1,2024-05-18
product_13,64.83,2,2024-01-16
product_9,406.88,2,2024-02-18
product_28,203.46,4,2024-04-14
product_15,385.72,3,2024-01-15
product_7,228.84,3,2024-01-04
product_50,415.01,7,2024-05-04
product_30,249.62,5,2024-02-12
product_30,415.04,5,2024-05-11
product_46,75.2,10,2024-06-03
product_28,247.99,10,2024-06-11
product_22,308.67,4,2024-03-01
product_40,284.65,2,2024-01-17
product_11,207.62,2,2024-05-30
product_13,290.58,7,2024-02-01
product_26,475.48,5,2024-02-22
product_21,253.79,8,2024-03-28
product_5,68.4,1,2024-04-14
product_50,95.02,2,2024-05-29
product_10,93.27,9,2024-01-29
product_16,226.11,9,2024-03-24
product_26,378.85,4,2024-05-26
product_32,73.77,7,2024-02-28
product_34,188.27,2,2024-03-22
product_40,35.69,9,2024-02-16
product_8,68.11,6,2024-05-03
product_35,63.26,4,2024-05-04
product_42,118.16,7,2024-01-18
product_7,136.83,9,2024-01-16
product_12,158.87,2,2024-03-30
product_50,119.8,8,2024-02-14
product_36,261.91,7,2024-02-17
product_11,120.43,7,2024-04-03
product_18,73.08,10,2024-06-20
product_37,22.29,5,2024-06-11
product_49,474.42,9,2024-05-28
product_18,329.85,10,2024-01-22
product_38,17.59,5,2024-05-23
product_31,296.37,7,2024-05-22
product_12,478.75,3,2024-04-10
product_38,452.46,3,2024-04-22
product_38,297.57,6,2024-05-13
product_32,310.63,3,2024-04-08
product_20,144.54,10,2024-04-25
product_1,370.33,2,2024-02-05
product_20,31.14,9,2024-05-29
product_22,209.8,4,2024-03-23
product_46,129.35,9,2024-05-19
product_1,379.27,2,2024-02-18
product_33,139.02,1,2024-06-16
product_28,435.23,8,2024-02-20
product_21,343.18,2,2024-02-09
product_44,55.93,8,2024-05-11
product_23,211.35,5,2024-06-08
product_43,334.94,10,2024-01-15
product_14,243.37,6,2024-01-28
product_22,278.59,8,2024-02-23
product_11,410.83,8,2024-04-03
product_19,190.95,10,2024-01-24
product_22,96.56,6,2024-03-27
product_50,201.46,9,2024-04-21
product_21,298.92,2,2024-05-20
product_35,119.47,8,2024-05-12
product_3,437.29,5,2024-04-01
product_11,305.38,10,2024-02-21
product_34,249.87,3,2024-02-27
product_37,408.9,5,2024-06-17
product_23,121.24,2,2024-01-13
product_49,433.62,1,2024-04-02
product_1,227.17,4,2024-03-26
product_16,61.72,10,2024-04-14
product_2,157.46,1,2024-01-19
product_18,119.6,1,2024-02-14
product_3,156.23,7,2024-03-01
product_33,219.51,1,2024-03-15
product_5,454.02,5,2024-05-29
product_7,476.11,6,2024-04-22
product_26,285.11,1,2024-04-22
product_39,329.3,1,2024-04-09
product_2,448.92,9,2024-02-06
product_28,139.88,6,2024-03-24
product_47,450.09,3,2024-02-19
product_46,189.26,10,2024-05-30
product_46,399.33,5,2024-06-12
product_48,399.35,1,2024-01-12
product_37,232.82,5,2024-01-18
product_23,470.65,5,2024-01-06
product_28,418.68,10,2024-03-08
product_22,52.04,6,2024-06-22
product_21,88.61,1,2024-01-08
product_28,364.91,1,2024-06-24
product_12,312.3,8,2024-01-13
product_49,193.4,9,2024-01-15
product_30,355.52,7,2024-01-26
product_6,429.75,9,2024-03-21
product_21,402.52,6,2024-02-20
product_11,456.08,9,2024-03-22
product_24,348.47,2,2024-06-08
product_23,286.84,8,2024-02-23
product_10,11.27,6,2024-01-23
product_31,253.01,2,2024-03-26
product_17,59.8,6,2024-03-13
product_23,388.11,7,2024-04-13
product_41,176.55,1,2024-02-01
product_22,404.74,7,2024-05-10
product_29,392.64,2,2024-04-26
product_21,52.24,6,2024-03-07
product_5,190.2,8,2024-03-14
product_34,61.83,2,2024-01-07
product_24,271.76,1,2024-04-25
product_2,478.38,4,2024-05-22
product_50,249.62,6,2024-04-06
product_47,332.4,2,2024-05-26
product_10,288.82,1,2024-04-10
product_28,253.39,5,2024-05-19
product_39,230.61,7,2024-03-23
product_7,483.17,2,2024-05-08
product_5,478.68,4,2024-01-14
product_38,274.06,3,2024-04-11
product_6,127.52,9,2024-05-08
product_41,133.3,6,2024-06-18
product_45,118.45,10,2024-03-06
product_30,465.04,1,2024-03-24
product_45,244.81,4,2024-05-24
product_7,222.75,4,2024-03-21
product_31,330.36,3,2024-02-26
product_23,338.16,9,2024-04-21
product_40,381.37,9,2024-04-26
product_33,174.15,2,2024-05-03
product_19,371.41,10,2024-06-12
product_17,454.41,10,2024-05-31
product_32,492.25,9,2024-02-15
product_35,436.19,6,2024-04-11
product_14,66.36,4,2024-03-26
product_3,383.61,9,2024-01-21
product_2,155.62,4,2024-01-26
product_44,467.05,10,2024-03-02
product_43,472.14,5,2024-01-24
product_33,244.99,2,2024-01-03
product_15,210.94,2,2024-05-13
product_8,349.42,6,2024-06-02
product_2,450.84,7,2024-03-09
product_3,253.49,10,2024-04-01
product_5,320.2,10,2024-01-04
product_37,20.37,6,2024-03-01
product_19,391.16,9,2024-02-25
product_18,115.96,4,2024-04-05
product_16,459.05,10,2024-02-02
product_4,426.39,10,2024-01-07
product_22,310.96,6,2024-06-23
product_9,472.41,2,2024-01-04
product_4,258.84,3,2024-06-24
product_21,63.08,9,2024-06-26
product_3,411.78,3,2024-04-04
product_8,392.57,10,2024-05-20
product_21,256.28,10,2024-02-14
product_12,131.56,3,2024-03-08
product_2,487.4,2,2024-01-18
product_27,43.36,1,2024-02-20
product_30,382.28,1,2024-01-21
product_41,445.12,2,2024-05-09
product_43,341.18,6,2024-05-01
product_48,234.45,10,2024-02-04
product_8,65.06,4,2024-02-10
product_41,468.96,3,2024-05-14
product_40,259.44,7,2024-05-22
product_13,21.4,3,2024-03-26
product_6,399.88,8,2024-05-29
product_2,475.02,4,2024-06-09
product_48,379.46,6,2024-03-22
product_10,71.72,8,2024-01-11
product_7,36.92,8,2024-02-04
product_27,260.22,9,2024-01-27
product_27,116.71,5,2024-03-05
product_40,336.35,9,2024-05-28
product_25,119.94,2,2024-05-03
product_40,241.22,8,2024-06-01
product_3,34.67,5,2024-03-09
product_32,78.26,5,2024-03-23
product_50,194.81,1,2024-05-01
product_28,77.43,9,2024-05-05
product_28,489.03,3,2024-02-16
product_9,474.37,3,2024-05-30
product_43,453.98,7,2024-04-11
product_1,53.3,10,2024-02-18
product_5,402.26,7,2024-04-26
product_29,175.66,10,2024-05-24
product_17,207.55,10,2024-04-04
product_4,310.87,3,2024-01-08
product_24,379.56,9,2024-01-02
product_13,361.36,9,2024-01-05
product_29,175.92,10,2024-03-07
product_41,126.99,10,2024-04-25
product_2,283.13,2,2024-06-26
product_2,98.28,3,2024-02-10
product_49,161.53,10,2024-04-14
product_15,396.38,1,2024-01-05
product_2,209.52,6,2024-05-07
product_21,32.91,9,2024-05-05
product_38,276.58,2,2024-02-04
product_32,317.43,9,2024-01-25
product_11,322.96,1,2024-01-22
product_24,339.08,6,2024-03-29
product_42,425.7,1,2024-04-24
product_4,167.96,9,2024-01-10
product_5,495.4,1,2024-04-08
product_47,97.12,5,2024-06-02
product_9,273.15,9,2024-01-01
product_12,79.6,5,2024-06-06
product_23,153.1,7,2024-06-28
product_20,497.82,10,2024-06-09
product_36,477.77,4,2024-04-01
product_25,126.19,8,2024-06-26
product_37,79.49,6,2024-06-07
product_27,392.32,10,2024-04-23
product_24,359.12,5,2024-01-03
product_22,402.25,7,2024-01-22
product_43,31.53,7,2024-05-01
product_12,256.89,3,2024-04-22
product_3,330.89,6,2024-04-02
product_25,81.42,8,2024-05-09
product_33,485.24,6,2024-02-17
product_32,336.17,5,2024-06-04
product_33,138.58,6,2024-03-02
product_34,389.25,7,2024-04-02
product_28,241.01,10,2024-05-31
product_50,151.54,2,2024-04-07
product_36,253.28,2,2024-06-19
product_3,147.46,1,2024-01-28
product_11,412.66,4,2024-05-07
product_32,380.43,3,2024-06-10
product_49,58.45,4,2024-03-01
product_29,440.55,6,2024-05-27
product_37,111.02,8,2024-04-21
product_27,483.76,5,2024-03-07
product_6,463.12,8,2024-05-03
product_11,42.71,8,2024-06-23
product_14,214.65,9,2024-05-27
product_38,377.64,3,2024-01-19
product_17,467.39,2,2024-04-08
product_50,33.0,6,2024-06-08
product_36,448.39,10,2024-05-27
product_19,336.32,4,2024-04-13
product_18,481.34,4,2024-04-26
product_7,136.58,5,2024-01-10
product_39,81.97,5,2024-06-20
product_26,445.8,1,2024-01-21
